roomNumber,deckNumber,shipCode,hvacUnit,hvacZone
3254,3,icon,3-1,3-3254
3252,3,icon,3-1,3-3252
3250,3,icon,3-1,3-3250
3248,3,icon,3-1,3-3248
3246,3,icon,3-1,3-3246
3244,3,icon,3-1,3-3244
3242,3,icon,3-1,3-3242
3240,3,icon,3-1,3-3240
3238,3,icon,3-1,3-3238
3236,3,icon,3-1,3-3236
3234,3,icon,3-1,3-3234
3232,3,icon,3-1,3-3232
3230,3,icon,3-1,3-3230
3228,3,icon,3-1,3-3228
3226,3,icon,3-1,3-3226
3224,3,icon,3-1,3-3224
3222,3,icon,3-1,3-3222
3220,3,icon,3-1,3-3220
3218,3,icon,3-1,3-3218
3216,3,icon,3-1,3-3216
3214,3,icon,3-1,3-3214
3212,3,icon,3-1,3-3212
3210,3,icon,3-1,3-3210
3208,3,icon,3-1,3-3208
3206,3,icon,3-1,3-3206
3204,3,icon,3-1,3-3204
3202,3,icon,3-1,3-3202
3200,3,icon,3-1,3-3200
3198,3,icon,3-1,3-3198
3196,3,icon,3-1,3-3196
3194,3,icon,3-1,3-3194
3192,3,icon,3-1,3-3192
3190,3,icon,3-1,3-3190
3188,3,icon,3-1,3-3188
3186,3,icon,3-1,3-3186
3184,3,icon,3-1,3-3184
3182,3,icon,3-1,3-3182
3180,3,icon,3-1,3-3180
3176,3,icon,3-1,3-3176
3174,3,icon,3-1,3-3174
3172,3,icon,3-1,3-3172
3170,3,icon,3-1,3-3170
3168,3,icon,3-1,3-3168
3166,3,icon,3-1,3-3166
3164,3,icon,3-1,3-3164
3162,3,icon,3-1,3-3162
3160,3,icon,3-1,3-3160
3158,3,icon,3-1,3-3158
3154,3,icon,3-1,3-3154
3152,3,icon,3-1,3-3152
3150,3,icon,3-1,3-3150
3156,3,icon,3-1,3-3156
3178,3,icon,3-1,3-3178
3256,3,icon,3-1,3-3256
3258,3,icon,3-1,3-3258
3260,3,icon,3-1,3-3260
3262,3,icon,3-1,3-3262
3264,3,icon,3-1,3-3264
3268,3,icon,3-1,3-3268
3270,3,icon,3-1,3-3270
3272,3,icon,3-1,3-3272
3274,3,icon,3-1,3-3274
3276,3,icon,3-1,3-3276
3278,3,icon,3-1,3-3278
3678,3,icon,3-1,3-3678
3676,3,icon,3-1,3-3676
3674,3,icon,3-1,3-3674
3672,3,icon,3-1,3-3672
3670,3,icon,3-1,3-3670
3668,3,icon,3-2,3-3668
3664,3,icon,3-2,3-3664
3662,3,icon,3-2,3-3662
3660,3,icon,3-2,3-3660
3658,3,icon,3-2,3-3658
3656,3,icon,3-2,3-3656
3654,3,icon,3-2,3-3654
3652,3,icon,3-2,3-3652
3650,3,icon,3-2,3-3650
3648,3,icon,3-2,3-3648
3646,3,icon,3-2,3-3646
3644,3,icon,3-2,3-3644
3642,3,icon,3-2,3-3642
3640,3,icon,3-2,3-3640
3638,3,icon,3-2,3-3638
3636,3,icon,3-2,3-3636
3634,3,icon,3-2,3-3634
3632,3,icon,3-2,3-3632
3630,3,icon,3-2,3-3630
3628,3,icon,3-2,3-3628
3626,3,icon,3-2,3-3626
3624,3,icon,3-2,3-3624
3622,3,icon,3-2,3-3622
3620,3,icon,3-2,3-3620
3618,3,icon,3-2,3-3618
3616,3,icon,3-2,3-3616
3614,3,icon,3-2,3-3614
3612,3,icon,3-2,3-3612
3610,3,icon,3-2,3-3610
3608,3,icon,3-2,3-3608
3606,3,icon,3-2,3-3606
3604,3,icon,3-2,3-3604
3600,3,icon,3-2,3-3600
3598,3,icon,3-2,3-3598
3602,3,icon,3-2,3-3602
3416,3,icon,3-2,3-3416
3414,3,icon,3-2,3-3414
3410,3,icon,3-2,3-3410
3408,3,icon,3-2,3-3408
3406,3,icon,3-2,3-3406
3404,3,icon,3-2,3-3404
3402,3,icon,3-2,3-3402
3400,3,icon,3-2,3-3400
3417,3,icon,3-2,3-3417
3415,3,icon,3-2,3-3415
3411,3,icon,3-2,3-3411
3409,3,icon,3-2,3-3409
3407,3,icon,3-2,3-3407
3405,3,icon,3-2,3-3405
3403,3,icon,3-2,3-3403
3401,3,icon,3-2,3-3401
3436,3,icon,3-2,3-3436
3434,3,icon,3-2,3-3434
3432,3,icon,3-2,3-3432
3430,3,icon,3-2,3-3430
3428,3,icon,3-2,3-3428
3426,3,icon,3-2,3-3426
3424,3,icon,3-2,3-3424
3422,3,icon,3-2,3-3422
3433,3,icon,3-2,3-3433
3431,3,icon,3-2,3-3431
3429,3,icon,3-2,3-3429
3427,3,icon,3-2,3-3427
3425,3,icon,3-2,3-3425
3423,3,icon,3-2,3-3423
3421,3,icon,3-2,3-3421
3419,3,icon,3-2,3-3419
3437,3,icon,3-2,3-3437
3435,3,icon,3-2,3-3435
3420,3,icon,3-2,3-3420
4260,4,icon,4-1,4-4260
4258,4,icon,4-1,4-4258
4256,4,icon,4-1,4-4256
4254,4,icon,4-1,4-4254
4252,4,icon,4-1,4-4252
4250,4,icon,4-1,4-4250
4248,4,icon,4-1,4-4248
4246,4,icon,4-1,4-4246
4244,4,icon,4-1,4-4244
4242,4,icon,4-1,4-4242
4240,4,icon,4-1,4-4240
4238,4,icon,4-1,4-4238
4236,4,icon,4-1,4-4236
4234,4,icon,4-1,4-4234
4232,4,icon,4-1,4-4232
4230,4,icon,4-1,4-4230
4228,4,icon,4-1,4-4228
4226,4,icon,4-1,4-4226
4224,4,icon,4-1,4-4224
4222,4,icon,4-1,4-4222
4220,4,icon,4-1,4-4220
4218,4,icon,4-1,4-4218
4216,4,icon,4-1,4-4216
4214,4,icon,4-1,4-4214
4212,4,icon,4-1,4-4212
4210,4,icon,4-1,4-4210
4208,4,icon,4-1,4-4208
4206,4,icon,4-1,4-4206
4204,4,icon,4-1,4-4204
4202,4,icon,4-1,4-4202
4200,4,icon,4-1,4-4200
4198,4,icon,4-1,4-4198
4196,4,icon,4-1,4-4196
4194,4,icon,4-1,4-4194
4192,4,icon,4-1,4-4192
4190,4,icon,4-1,4-4190
4188,4,icon,4-1,4-4188
4186,4,icon,4-1,4-4186
4182,4,icon,4-1,4-4182
4180,4,icon,4-1,4-4180
4178,4,icon,4-1,4-4178
4176,4,icon,4-1,4-4176
4174,4,icon,4-1,4-4174
4172,4,icon,4-1,4-4172
4170,4,icon,4-1,4-4170
4168,4,icon,4-1,4-4168
4166,4,icon,4-1,4-4166
4164,4,icon,4-1,4-4164
4160,4,icon,4-1,4-4160
4158,4,icon,4-1,4-4158
4156,4,icon,4-1,4-4156
4162,4,icon,4-1,4-4162
4184,4,icon,4-1,4-4184
4262,4,icon,4-1,4-4262
4264,4,icon,4-1,4-4264
4268,4,icon,4-1,4-4268
4270,4,icon,4-1,4-4270
4670,4,icon,4-2,4-4670
4668,4,icon,4-2,4-4668
4664,4,icon,4-2,4-4664
4662,4,icon,4-2,4-4662
4660,4,icon,4-2,4-4660
4658,4,icon,4-2,4-4658
4656,4,icon,4-2,4-4656
4654,4,icon,4-2,4-4654
4652,4,icon,4-2,4-4652
4650,4,icon,4-2,4-4650
4648,4,icon,4-2,4-4648
4646,4,icon,4-2,4-4646
4644,4,icon,4-2,4-4644
4642,4,icon,4-2,4-4642
4640,4,icon,4-2,4-4640
4638,4,icon,4-2,4-4638
4636,4,icon,4-2,4-4636
4634,4,icon,4-2,4-4634
4632,4,icon,4-2,4-4632
4630,4,icon,4-2,4-4630
4628,4,icon,4-2,4-4628
4626,4,icon,4-2,4-4626
4624,4,icon,4-2,4-4624
4622,4,icon,4-2,4-4622
4620,4,icon,4-2,4-4620
4618,4,icon,4-2,4-4618
4616,4,icon,4-2,4-4616
4614,4,icon,4-2,4-4614
4612,4,icon,4-2,4-4612
4610,4,icon,4-2,4-4610
4608,4,icon,4-2,4-4608
4606,4,icon,4-2,4-4606
4604,4,icon,4-2,4-4604
4602,4,icon,4-2,4-4602
4600,4,icon,4-2,4-4600
4598,4,icon,4-2,4-4598
4596,4,icon,4-2,4-4596
4592,4,icon,4-2,4-4592
4590,4,icon,4-2,4-4590
4588,4,icon,4-2,4-4588
4586,4,icon,4-2,4-4586
4584,4,icon,4-2,4-4584
4582,4,icon,4-2,4-4582
4580,4,icon,4-2,4-4580
4578,4,icon,4-2,4-4578
4576,4,icon,4-2,4-4576
4574,4,icon,4-2,4-4574
4570,4,icon,4-2,4-4570
4568,4,icon,4-2,4-4568
4566,4,icon,4-2,4-4566
4572,4,icon,4-2,4-4572
4594,4,icon,4-2,4-4594
4591,4,icon,4-2,4-4591
4589,4,icon,4-2,4-4589
4587,4,icon,4-2,4-4587
4585,4,icon,4-2,4-4585
4581,4,icon,4-2,4-4581
4579,4,icon,4-2,4-4579
4577,4,icon,4-2,4-4577
4583,4,icon,4-2,4-4583
7746,7,icon,7-1,7-7746
7744,7,icon,7-1,7-7744
7742,7,icon,7-1,7-7742
7740,7,icon,7-1,7-7740
7738,7,icon,7-1,7-7738
7736,7,icon,7-1,7-7736
7734,7,icon,7-1,7-7734
7732,7,icon,7-1,7-7732
7730,7,icon,7-1,7-7730
7728,7,icon,7-1,7-7728
7726,7,icon,7-1,7-7726
7724,7,icon,7-1,7-7724
7722,7,icon,7-1,7-7722
7720,7,icon,7-1,7-7720
7718,7,icon,7-1,7-7718
7716,7,icon,7-1,7-7716
7714,7,icon,7-1,7-7714
7712,7,icon,7-1,7-7712
7710,7,icon,7-1,7-7710
7708,7,icon,7-1,7-7708
7706,7,icon,7-1,7-7706
7704,7,icon,7-1,7-7704
7702,7,icon,7-1,7-7702
7700,7,icon,7-1,7-7700
7698,7,icon,7-1,7-7698
7696,7,icon,7-1,7-7696
7694,7,icon,7-1,7-7694
7692,7,icon,7-1,7-7692
7690,7,icon,7-1,7-7690
7688,7,icon,7-1,7-7688
7686,7,icon,7-1,7-7686
7684,7,icon,7-1,7-7684
7682,7,icon,7-1,7-7682
7680,7,icon,7-1,7-7680
7678,7,icon,7-1,7-7678
7676,7,icon,7-1,7-7676
7674,7,icon,7-1,7-7674
7672,7,icon,7-1,7-7672
7670,7,icon,7-1,7-7670
7668,7,icon,7-1,7-7668
7664,7,icon,7-1,7-7664
7660,7,icon,7-1,7-7660
7658,7,icon,7-1,7-7658
7656,7,icon,7-1,7-7656
7652,7,icon,7-1,7-7652
7650,7,icon,7-1,7-7650
7648,7,icon,7-1,7-7648
7646,7,icon,7-1,7-7646
7644,7,icon,7-1,7-7644
7642,7,icon,7-1,7-7642
7640,7,icon,7-1,7-7640
7638,7,icon,7-1,7-7638
7636,7,icon,7-1,7-7636
7634,7,icon,7-1,7-7634
7632,7,icon,7-1,7-7632
7630,7,icon,7-1,7-7630
7628,7,icon,7-1,7-7628
7626,7,icon,7-1,7-7626
7624,7,icon,7-1,7-7624
7622,7,icon,7-1,7-7622
7620,7,icon,7-1,7-7620
7618,7,icon,7-1,7-7618
7616,7,icon,7-1,7-7616
7614,7,icon,7-1,7-7614
7612,7,icon,7-1,7-7612
7610,7,icon,7-1,7-7610
7608,7,icon,7-1,7-7608
7606,7,icon,7-1,7-7606
7604,7,icon,7-1,7-7604
7602,7,icon,7-1,7-7602
7600,7,icon,7-1,7-7600
7598,7,icon,7-1,7-7598
7596,7,icon,7-1,7-7596
7594,7,icon,7-1,7-7594
7592,7,icon,7-1,7-7592
7590,7,icon,7-1,7-7590
7588,7,icon,7-1,7-7588
7586,7,icon,7-1,7-7586
7584,7,icon,7-1,7-7584
7582,7,icon,7-1,7-7582
7580,7,icon,7-1,7-7580
7578,7,icon,7-1,7-7578
7576,7,icon,7-1,7-7576
7574,7,icon,7-1,7-7574
7572,7,icon,7-1,7-7572
7570,7,icon,7-1,7-7570
7568,7,icon,7-1,7-7568
7566,7,icon,7-1,7-7566
7564,7,icon,7-1,7-7564
7562,7,icon,7-1,7-7562
7560,7,icon,7-1,7-7560
7558,7,icon,7-1,7-7558
7556,7,icon,7-1,7-7556
7554,7,icon,7-1,7-7554
7552,7,icon,7-1,7-7552
7550,7,icon,7-1,7-7550
7548,7,icon,7-1,7-7548
7546,7,icon,7-1,7-7546
7544,7,icon,7-1,7-7544
7542,7,icon,7-1,7-7542
7540,7,icon,7-1,7-7540
7538,7,icon,7-1,7-7538
7536,7,icon,7-1,7-7536
7534,7,icon,7-1,7-7534
7532,7,icon,7-1,7-7532
7530,7,icon,7-1,7-7530
7528,7,icon,7-1,7-7528
7526,7,icon,7-1,7-7526
7524,7,icon,7-1,7-7524
7522,7,icon,7-1,7-7522
7520,7,icon,7-1,7-7520
7518,7,icon,7-1,7-7518
7516,7,icon,7-1,7-7516
7346,7,icon,7-1,7-7346
7344,7,icon,7-1,7-7344
7342,7,icon,7-1,7-7342
7340,7,icon,7-1,7-7340
7338,7,icon,7-1,7-7338
7336,7,icon,7-1,7-7336
7334,7,icon,7-1,7-7334
7332,7,icon,7-1,7-7332
7330,7,icon,7-1,7-7330
7328,7,icon,7-1,7-7328
7326,7,icon,7-1,7-7326
7324,7,icon,7-1,7-7324
7322,7,icon,7-1,7-7322
7320,7,icon,7-1,7-7320
7318,7,icon,7-1,7-7318
7316,7,icon,7-1,7-7316
7314,7,icon,7-1,7-7314
7312,7,icon,7-1,7-7312
7310,7,icon,7-1,7-7310
7308,7,icon,7-1,7-7308
7306,7,icon,7-1,7-7306
7304,7,icon,7-1,7-7304
7302,7,icon,7-1,7-7302
7300,7,icon,7-1,7-7300
7298,7,icon,7-1,7-7298
7296,7,icon,7-1,7-7296
7294,7,icon,7-1,7-7294
7292,7,icon,7-1,7-7292
7290,7,icon,7-1,7-7290
7288,7,icon,7-1,7-7288
7286,7,icon,7-1,7-7286
7284,7,icon,7-1,7-7284
7282,7,icon,7-1,7-7282
7280,7,icon,7-1,7-7280
7278,7,icon,7-1,7-7278
7276,7,icon,7-1,7-7276
7274,7,icon,7-1,7-7274
7272,7,icon,7-1,7-7272
7270,7,icon,7-2,7-7270
7268,7,icon,7-2,7-7268
7264,7,icon,7-2,7-7264
7260,7,icon,7-2,7-7260
7258,7,icon,7-2,7-7258
7254,7,icon,7-2,7-7254
7252,7,icon,7-2,7-7252
7250,7,icon,7-2,7-7250
7248,7,icon,7-2,7-7248
7246,7,icon,7-2,7-7246
7244,7,icon,7-2,7-7244
7242,7,icon,7-2,7-7242
7240,7,icon,7-2,7-7240
7238,7,icon,7-2,7-7238
7212,7,icon,7-2,7-7212
7210,7,icon,7-2,7-7210
7208,7,icon,7-2,7-7208
7206,7,icon,7-2,7-7206
7204,7,icon,7-2,7-7204
7202,7,icon,7-2,7-7202
7200,7,icon,7-2,7-7200
7198,7,icon,7-2,7-7198
7196,7,icon,7-2,7-7196
7194,7,icon,7-2,7-7194
7192,7,icon,7-2,7-7192
7190,7,icon,7-2,7-7190
7188,7,icon,7-2,7-7188
7186,7,icon,7-2,7-7186
7184,7,icon,7-2,7-7184
7182,7,icon,7-2,7-7182
7180,7,icon,7-2,7-7180
7178,7,icon,7-2,7-7178
7176,7,icon,7-2,7-7176
7174,7,icon,7-2,7-7174
7172,7,icon,7-2,7-7172
7170,7,icon,7-2,7-7170
7168,7,icon,7-2,7-7168
7166,7,icon,7-2,7-7166
7164,7,icon,7-2,7-7164
7162,7,icon,7-2,7-7162
7160,7,icon,7-2,7-7160
7158,7,icon,7-2,7-7158
7156,7,icon,7-2,7-7156
7154,7,icon,7-2,7-7154
7152,7,icon,7-2,7-7152
7150,7,icon,7-2,7-7150
7148,7,icon,7-2,7-7148
7146,7,icon,7-2,7-7146
7144,7,icon,7-2,7-7144
7142,7,icon,7-2,7-7142
7140,7,icon,7-2,7-7140
7138,7,icon,7-2,7-7138
7136,7,icon,7-2,7-7136
7134,7,icon,7-2,7-7134
7132,7,icon,7-2,7-7132
7130,7,icon,7-2,7-7130
7128,7,icon,7-2,7-7128
7126,7,icon,7-2,7-7126
7124,7,icon,7-2,7-7124
7122,7,icon,7-2,7-7122
7120,7,icon,7-2,7-7120
7118,7,icon,7-2,7-7118
7116,7,icon,7-2,7-7116
7662,7,icon,7-2,7-7662
7654,7,icon,7-2,7-7654
7262,7,icon,7-2,7-7262
7256,7,icon,7-2,7-7256
7434,7,icon,7-2,7-7434
7432,7,icon,7-2,7-7432
7430,7,icon,7-2,7-7430
7428,7,icon,7-2,7-7428
7426,7,icon,7-2,7-7426
7424,7,icon,7-2,7-7424
7418,7,icon,7-2,7-7418
7416,7,icon,7-2,7-7416
7414,7,icon,7-2,7-7414
7412,7,icon,7-2,7-7412
7410,7,icon,7-2,7-7410
7408,7,icon,7-2,7-7408
7406,7,icon,7-2,7-7406
7473,7,icon,7-2,7-7473
7471,7,icon,7-2,7-7471
7469,7,icon,7-2,7-7469
7467,7,icon,7-2,7-7467
7465,7,icon,7-2,7-7465
7463,7,icon,7-2,7-7463
7457,7,icon,7-2,7-7457
7455,7,icon,7-2,7-7455
7453,7,icon,7-2,7-7453
7472,7,icon,7-2,7-7472
7470,7,icon,7-2,7-7470
7468,7,icon,7-2,7-7468
7466,7,icon,7-2,7-7466
7464,7,icon,7-2,7-7464
7462,7,icon,7-2,7-7462
7435,7,icon,7-2,7-7435
7433,7,icon,7-2,7-7433
7431,7,icon,7-2,7-7431
7429,7,icon,7-2,7-7429
7427,7,icon,7-2,7-7427
7425,7,icon,7-2,7-7425
7456,7,icon,7-2,7-7456
7454,7,icon,7-2,7-7454
7452,7,icon,7-2,7-7452
7450,7,icon,7-2,7-7450
7448,7,icon,7-2,7-7448
7446,7,icon,7-2,7-7446
7444,7,icon,7-2,7-7444
7419,7,icon,7-2,7-7419
7417,7,icon,7-2,7-7417
7415,7,icon,7-2,7-7415
7409,7,icon,7-2,7-7409
7407,7,icon,7-2,7-7407
7411,7,icon,7-2,7-7411
7449,7,icon,7-2,7-7449
7447,7,icon,7-2,7-7447
7445,7,icon,7-2,7-7445
7525,7,icon,7-2,7-7525
7523,7,icon,7-2,7-7523
7521,7,icon,7-2,7-7521
7519,7,icon,7-2,7-7519
7517,7,icon,7-2,7-7517
7125,7,icon,7-2,7-7125
7123,7,icon,7-2,7-7123
7121,7,icon,7-2,7-7121
7119,7,icon,7-2,7-7119
7117,7,icon,7-2,7-7117
7405,7,icon,7-2,7-7405
7508,7,icon,7-2,7-7508
7510,7,icon,7-2,7-7510
7512,7,icon,7-2,7-7512
7440,7,icon,7-2,7-7440
7402,7,icon,7-2,7-7402
7404,7,icon,7-2,7-7404
7443,7,icon,7-2,7-7443
7441,7,icon,7-2,7-7441
7112,7,icon,7-2,7-7112
7110,7,icon,7-2,7-7110
7108,7,icon,7-2,7-7108
7547,7,icon,7-2,7-7547
7545,7,icon,7-2,7-7545
7543,7,icon,7-2,7-7543
7541,7,icon,7-2,7-7541
7539,7,icon,7-2,7-7539
7147,7,icon,7-2,7-7147
7145,7,icon,7-2,7-7145
7143,7,icon,7-2,7-7143
7141,7,icon,7-2,7-7141
7139,7,icon,7-2,7-7139
7535,7,icon,7-2,7-7535
7421,7,icon,7-2,7-7421
7459,7,icon,7-2,7-7459
7135,7,icon,7-2,7-7135
8750,7,icon,7-2,7-8750
8746,8,icon,8-1,8-8746
8744,8,icon,8-1,8-8744
8742,8,icon,8-1,8-8742
8740,8,icon,8-1,8-8740
8738,8,icon,8-1,8-8738
8736,8,icon,8-1,8-8736
8734,8,icon,8-1,8-8734
8732,8,icon,8-1,8-8732
8730,8,icon,8-1,8-8730
8728,8,icon,8-1,8-8728
8726,8,icon,8-1,8-8726
8724,8,icon,8-1,8-8724
8722,8,icon,8-1,8-8722
8720,8,icon,8-1,8-8720
8718,8,icon,8-1,8-8718
8716,8,icon,8-1,8-8716
8714,8,icon,8-1,8-8714
8712,8,icon,8-1,8-8712
8710,8,icon,8-1,8-8710
8708,8,icon,8-1,8-8708
8706,8,icon,8-1,8-8706
8704,8,icon,8-1,8-8704
8702,8,icon,8-1,8-8702
8700,8,icon,8-1,8-8700
8698,8,icon,8-1,8-8698
8696,8,icon,8-1,8-8696
8694,8,icon,8-1,8-8694
8692,8,icon,8-1,8-8692
8690,8,icon,8-1,8-8690
8688,8,icon,8-1,8-8688
8686,8,icon,8-1,8-8686
8684,8,icon,8-1,8-8684
8682,8,icon,8-1,8-8682
8680,8,icon,8-1,8-8680
8678,8,icon,8-1,8-8678
8676,8,icon,8-1,8-8676
8674,8,icon,8-1,8-8674
8672,8,icon,8-1,8-8672
8670,8,icon,8-1,8-8670
8668,8,icon,8-1,8-8668
8664,8,icon,8-1,8-8664
8660,8,icon,8-1,8-8660
8656,8,icon,8-1,8-8656
8654,8,icon,8-1,8-8654
8652,8,icon,8-1,8-8652
8650,8,icon,8-1,8-8650
8648,8,icon,8-1,8-8648
8646,8,icon,8-1,8-8646
8644,8,icon,8-1,8-8644
8642,8,icon,8-1,8-8642
8640,8,icon,8-1,8-8640
8638,8,icon,8-1,8-8638
8636,8,icon,8-1,8-8636
8634,8,icon,8-1,8-8634
8632,8,icon,8-1,8-8632
8630,8,icon,8-1,8-8630
8628,8,icon,8-1,8-8628
8626,8,icon,8-1,8-8626
8624,8,icon,8-1,8-8624
8622,8,icon,8-1,8-8622
8620,8,icon,8-1,8-8620
8618,8,icon,8-1,8-8618
8616,8,icon,8-1,8-8616
8614,8,icon,8-1,8-8614
8612,8,icon,8-1,8-8612
8610,8,icon,8-1,8-8610
8608,8,icon,8-1,8-8608
8606,8,icon,8-1,8-8606
8604,8,icon,8-1,8-8604
8602,8,icon,8-1,8-8602
8600,8,icon,8-1,8-8600
8598,8,icon,8-1,8-8598
8596,8,icon,8-1,8-8596
8594,8,icon,8-1,8-8594
8592,8,icon,8-1,8-8592
8590,8,icon,8-1,8-8590
8588,8,icon,8-1,8-8588
8586,8,icon,8-1,8-8586
8584,8,icon,8-1,8-8584
8582,8,icon,8-1,8-8582
8580,8,icon,8-1,8-8580
8578,8,icon,8-1,8-8578
8576,8,icon,8-1,8-8576
8574,8,icon,8-1,8-8574
8572,8,icon,8-1,8-8572
8570,8,icon,8-1,8-8570
8568,8,icon,8-1,8-8568
8566,8,icon,8-1,8-8566
8564,8,icon,8-1,8-8564
8562,8,icon,8-1,8-8562
8560,8,icon,8-1,8-8560
8558,8,icon,8-1,8-8558
8556,8,icon,8-1,8-8556
8554,8,icon,8-1,8-8554
8552,8,icon,8-1,8-8552
8550,8,icon,8-1,8-8550
8548,8,icon,8-1,8-8548
8546,8,icon,8-1,8-8546
8544,8,icon,8-1,8-8544
8542,8,icon,8-1,8-8542
8540,8,icon,8-1,8-8540
8538,8,icon,8-1,8-8538
8536,8,icon,8-1,8-8536
8534,8,icon,8-1,8-8534
8532,8,icon,8-1,8-8532
8530,8,icon,8-1,8-8530
8528,8,icon,8-1,8-8528
8526,8,icon,8-1,8-8526
8524,8,icon,8-1,8-8524
8522,8,icon,8-1,8-8522
8520,8,icon,8-1,8-8520
8518,8,icon,8-1,8-8518
8516,8,icon,8-1,8-8516
8352,8,icon,8-1,8-8352
8350,8,icon,8-1,8-8350
8348,8,icon,8-1,8-8348
8346,8,icon,8-1,8-8346
8344,8,icon,8-1,8-8344
8342,8,icon,8-1,8-8342
8340,8,icon,8-1,8-8340
8338,8,icon,8-1,8-8338
8336,8,icon,8-1,8-8336
8334,8,icon,8-1,8-8334
8332,8,icon,8-1,8-8332
8330,8,icon,8-1,8-8330
8328,8,icon,8-1,8-8328
8326,8,icon,8-1,8-8326
8324,8,icon,8-1,8-8324
8322,8,icon,8-1,8-8322
8320,8,icon,8-1,8-8320
8318,8,icon,8-1,8-8318
8316,8,icon,8-1,8-8316
8314,8,icon,8-1,8-8314
8312,8,icon,8-1,8-8312
8310,8,icon,8-1,8-8310
8308,8,icon,8-1,8-8308
8306,8,icon,8-1,8-8306
8304,8,icon,8-1,8-8304
8302,8,icon,8-1,8-8302
8300,8,icon,8-1,8-8300
8298,8,icon,8-1,8-8298
8296,8,icon,8-1,8-8296
8294,8,icon,8-1,8-8294
8292,8,icon,8-1,8-8292
8290,8,icon,8-1,8-8290
8288,8,icon,8-1,8-8288
8286,8,icon,8-1,8-8286
8284,8,icon,8-1,8-8284
8282,8,icon,8-1,8-8282
8280,8,icon,8-1,8-8280
8278,8,icon,8-1,8-8278
8276,8,icon,8-1,8-8276
8274,8,icon,8-1,8-8274
8272,8,icon,8-1,8-8272
8270,8,icon,8-1,8-8270
8268,8,icon,8-1,8-8268
8264,8,icon,8-1,8-8264
8260,8,icon,8-2,8-8260
8256,8,icon,8-2,8-8256
8254,8,icon,8-2,8-8254
8252,8,icon,8-2,8-8252
8250,8,icon,8-2,8-8250
8248,8,icon,8-2,8-8248
8246,8,icon,8-2,8-8246
8244,8,icon,8-2,8-8244
8242,8,icon,8-2,8-8242
8240,8,icon,8-2,8-8240
8238,8,icon,8-2,8-8238
8212,8,icon,8-2,8-8212
8210,8,icon,8-2,8-8210
8208,8,icon,8-2,8-8208
8206,8,icon,8-2,8-8206
8204,8,icon,8-2,8-8204
8202,8,icon,8-2,8-8202
8200,8,icon,8-2,8-8200
8198,8,icon,8-2,8-8198
8196,8,icon,8-2,8-8196
8194,8,icon,8-2,8-8194
8192,8,icon,8-2,8-8192
8190,8,icon,8-2,8-8190
8188,8,icon,8-2,8-8188
8186,8,icon,8-2,8-8186
8184,8,icon,8-2,8-8184
8182,8,icon,8-2,8-8182
8180,8,icon,8-2,8-8180
8178,8,icon,8-2,8-8178
8176,8,icon,8-2,8-8176
8174,8,icon,8-2,8-8174
8172,8,icon,8-2,8-8172
8170,8,icon,8-2,8-8170
8168,8,icon,8-2,8-8168
8166,8,icon,8-2,8-8166
8164,8,icon,8-2,8-8164
8162,8,icon,8-2,8-8162
8160,8,icon,8-2,8-8160
8158,8,icon,8-2,8-8158
8156,8,icon,8-2,8-8156
8154,8,icon,8-2,8-8154
8152,8,icon,8-2,8-8152
8150,8,icon,8-2,8-8150
8148,8,icon,8-2,8-8148
8146,8,icon,8-2,8-8146
8144,8,icon,8-2,8-8144
8142,8,icon,8-2,8-8142
8140,8,icon,8-2,8-8140
8138,8,icon,8-2,8-8138
8136,8,icon,8-2,8-8136
8134,8,icon,8-2,8-8134
8132,8,icon,8-2,8-8132
8130,8,icon,8-2,8-8130
8128,8,icon,8-2,8-8128
8126,8,icon,8-2,8-8126
8124,8,icon,8-2,8-8124
8122,8,icon,8-2,8-8122
8120,8,icon,8-2,8-8120
8118,8,icon,8-2,8-8118
8116,8,icon,8-2,8-8116
8747,8,icon,8-2,8-8747
8745,8,icon,8-2,8-8745
8743,8,icon,8-2,8-8743
8741,8,icon,8-2,8-8741
8739,8,icon,8-2,8-8739
8733,8,icon,8-2,8-8733
8731,8,icon,8-2,8-8731
8729,8,icon,8-2,8-8729
8723,8,icon,8-2,8-8723
8721,8,icon,8-2,8-8721
8547,8,icon,8-2,8-8547
8545,8,icon,8-2,8-8545
8543,8,icon,8-2,8-8543
8541,8,icon,8-2,8-8541
8539,8,icon,8-2,8-8539
8537,8,icon,8-2,8-8537
8535,8,icon,8-2,8-8535
8533,8,icon,8-2,8-8533
8525,8,icon,8-2,8-8525
8523,8,icon,8-2,8-8523
8521,8,icon,8-2,8-8521
8519,8,icon,8-2,8-8519
8517,8,icon,8-2,8-8517
8510,8,icon,8-2,8-8510
8434,8,icon,8-2,8-8434
8147,8,icon,8-2,8-8147
8145,8,icon,8-2,8-8145
8143,8,icon,8-2,8-8143
8141,8,icon,8-2,8-8141
8139,8,icon,8-2,8-8139
8137,8,icon,8-2,8-8137
8135,8,icon,8-2,8-8135
8133,8,icon,8-2,8-8133
8125,8,icon,8-2,8-8125
8123,8,icon,8-2,8-8123
8121,8,icon,8-2,8-8121
8119,8,icon,8-2,8-8119
8117,8,icon,8-2,8-8117
8347,8,icon,8-2,8-8347
8345,8,icon,8-2,8-8345
8343,8,icon,8-2,8-8343
8341,8,icon,8-2,8-8341
8339,8,icon,8-2,8-8339
8333,8,icon,8-2,8-8333
8331,8,icon,8-2,8-8331
8329,8,icon,8-2,8-8329
8323,8,icon,8-2,8-8323
8321,8,icon,8-2,8-8321
8433,8,icon,8-2,8-8433
8431,8,icon,8-2,8-8431
8429,8,icon,8-2,8-8429
8427,8,icon,8-2,8-8427
8425,8,icon,8-2,8-8425
8423,8,icon,8-2,8-8423
8432,8,icon,8-2,8-8432
8430,8,icon,8-2,8-8430
8428,8,icon,8-2,8-8428
8426,8,icon,8-2,8-8426
8424,8,icon,8-2,8-8424
8419,8,icon,8-2,8-8419
8417,8,icon,8-2,8-8417
8415,8,icon,8-2,8-8415
8411,8,icon,8-2,8-8411
8420,8,icon,8-2,8-8420
8418,8,icon,8-2,8-8418
8416,8,icon,8-2,8-8416
8412,8,icon,8-2,8-8412
8410,8,icon,8-2,8-8410
8408,8,icon,8-2,8-8408
8447,8,icon,8-2,8-8447
8445,8,icon,8-2,8-8445
8443,8,icon,8-2,8-8443
8441,8,icon,8-2,8-8441
8439,8,icon,8-2,8-8439
8437,8,icon,8-2,8-8437
8401,8,icon,8-2,8-8401
8403,8,icon,8-2,8-8403
8405,8,icon,8-2,8-8405
8407,8,icon,8-2,8-8407
8108,8,icon,8-2,8-8108
8106,8,icon,8-2,8-8106
8104,8,icon,8-2,8-8104
8102,8,icon,8-2,8-8102
8100,8,icon,8-2,8-8100
8500,8,icon,8-2,8-8500
8502,8,icon,8-2,8-8502
8504,8,icon,8-2,8-8504
8506,8,icon,8-2,8-8506
8508,8,icon,8-2,8-8508
8446,8,icon,8-2,8-8446
8444,8,icon,8-2,8-8444
8442,8,icon,8-2,8-8442
8440,8,icon,8-2,8-8440
8438,8,icon,8-2,8-8438
8400,8,icon,8-2,8-8400
8402,8,icon,8-2,8-8402
8404,8,icon,8-2,8-8404
9350,9,icon,9-1,9-9350
9348,9,icon,9-1,9-9348
9346,9,icon,9-1,9-9346
9344,9,icon,9-1,9-9344
9342,9,icon,9-1,9-9342
9340,9,icon,9-1,9-9340
9338,9,icon,9-1,9-9338
9336,9,icon,9-1,9-9336
9334,9,icon,9-1,9-9334
9332,9,icon,9-1,9-9332
9330,9,icon,9-1,9-9330
9328,9,icon,9-1,9-9328
9326,9,icon,9-1,9-9326
9324,9,icon,9-1,9-9324
9322,9,icon,9-1,9-9322
9320,9,icon,9-1,9-9320
9318,9,icon,9-1,9-9318
9316,9,icon,9-1,9-9316
9314,9,icon,9-1,9-9314
9312,9,icon,9-1,9-9312
9310,9,icon,9-1,9-9310
9308,9,icon,9-1,9-9308
9306,9,icon,9-1,9-9306
9304,9,icon,9-1,9-9304
9302,9,icon,9-1,9-9302
9300,9,icon,9-1,9-9300
9298,9,icon,9-1,9-9298
9296,9,icon,9-1,9-9296
9294,9,icon,9-1,9-9294
9292,9,icon,9-1,9-9292
9290,9,icon,9-1,9-9290
9288,9,icon,9-1,9-9288
9286,9,icon,9-1,9-9286
9284,9,icon,9-1,9-9284
9282,9,icon,9-1,9-9282
9280,9,icon,9-1,9-9280
9278,9,icon,9-1,9-9278
9276,9,icon,9-1,9-9276
9274,9,icon,9-1,9-9274
9272,9,icon,9-1,9-9272
9270,9,icon,9-1,9-9270
9264,9,icon,9-1,9-9264
9262,9,icon,9-1,9-9262
9258,9,icon,9-1,9-9258
9256,9,icon,9-1,9-9256
9254,9,icon,9-1,9-9254
9252,9,icon,9-1,9-9252
9250,9,icon,9-1,9-9250
9248,9,icon,9-1,9-9248
9246,9,icon,9-1,9-9246
9244,9,icon,9-1,9-9244
9242,9,icon,9-1,9-9242
9212,9,icon,9-1,9-9212
9210,9,icon,9-1,9-9210
9208,9,icon,9-1,9-9208
9206,9,icon,9-1,9-9206
9204,9,icon,9-1,9-9204
9202,9,icon,9-1,9-9202
9200,9,icon,9-1,9-9200
9196,9,icon,9-1,9-9196
9192,9,icon,9-1,9-9192
9190,9,icon,9-1,9-9190
9188,9,icon,9-1,9-9188
9186,9,icon,9-1,9-9186
9184,9,icon,9-1,9-9184
9182,9,icon,9-1,9-9182
9180,9,icon,9-1,9-9180
9178,9,icon,9-1,9-9178
9176,9,icon,9-1,9-9176
9174,9,icon,9-1,9-9174
9172,9,icon,9-1,9-9172
9170,9,icon,9-1,9-9170
9168,9,icon,9-1,9-9168
9166,9,icon,9-1,9-9166
9162,9,icon,9-1,9-9162
9160,9,icon,9-1,9-9160
9156,9,icon,9-1,9-9156
9154,9,icon,9-1,9-9154
9150,9,icon,9-1,9-9150
9148,9,icon,9-1,9-9148
9144,9,icon,9-1,9-9144
9142,9,icon,9-1,9-9142
9138,9,icon,9-1,9-9138
9136,9,icon,9-1,9-9136
9132,9,icon,9-1,9-9132
9128,9,icon,9-1,9-9128
9126,9,icon,9-1,9-9126
9124,9,icon,9-1,9-9124
9122,9,icon,9-1,9-9122
9120,9,icon,9-1,9-9120
9118,9,icon,9-1,9-9118
9268,9,icon,9-1,9-9268
9260,9,icon,9-1,9-9260
9130,9,icon,9-1,9-9130
9194,9,icon,9-1,9-9194
9216,9,icon,9-1,9-9216
9220,9,icon,9-1,9-9220
9224,9,icon,9-1,9-9224
9228,9,icon,9-1,9-9228
9232,9,icon,9-1,9-9232
9236,9,icon,9-1,9-9236
9238,9,icon,9-1,9-9238
9240,9,icon,9-1,9-9240
9198,9,icon,9-1,9-9198
9560,9,icon,9-1,9-9560
9556,9,icon,9-1,9-9556
9554,9,icon,9-1,9-9554
9550,9,icon,9-1,9-9550
9548,9,icon,9-1,9-9548
9544,9,icon,9-1,9-9544
9542,9,icon,9-1,9-9542
9538,9,icon,9-1,9-9538
9536,9,icon,9-1,9-9536
9532,9,icon,9-1,9-9532
9528,9,icon,9-1,9-9528
9526,9,icon,9-1,9-9526
9524,9,icon,9-1,9-9524
9522,9,icon,9-1,9-9522
9520,9,icon,9-1,9-9520
9518,9,icon,9-1,9-9518
9530,9,icon,9-1,9-9530
9748,9,icon,9-1,9-9748
9746,9,icon,9-1,9-9746
9744,9,icon,9-1,9-9744
9742,9,icon,9-1,9-9742
9740,9,icon,9-1,9-9740
9738,9,icon,9-1,9-9738
9736,9,icon,9-1,9-9736
9734,9,icon,9-1,9-9734
9732,9,icon,9-1,9-9732
9730,9,icon,9-1,9-9730
9728,9,icon,9-1,9-9728
9726,9,icon,9-1,9-9726
9724,9,icon,9-1,9-9724
9722,9,icon,9-1,9-9722
9720,9,icon,9-1,9-9720
9718,9,icon,9-1,9-9718
9716,9,icon,9-1,9-9716
9714,9,icon,9-1,9-9714
9712,9,icon,9-1,9-9712
9710,9,icon,9-1,9-9710
9708,9,icon,9-1,9-9708
9706,9,icon,9-1,9-9706
9704,9,icon,9-1,9-9704
9702,9,icon,9-1,9-9702
9700,9,icon,9-1,9-9700
9698,9,icon,9-1,9-9698
9696,9,icon,9-1,9-9696
9694,9,icon,9-1,9-9694
9692,9,icon,9-1,9-9692
9690,9,icon,9-1,9-9690
9688,9,icon,9-1,9-9688
9686,9,icon,9-1,9-9686
9684,9,icon,9-1,9-9684
9682,9,icon,9-1,9-9682
9680,9,icon,9-1,9-9680
9678,9,icon,9-1,9-9678
9676,9,icon,9-1,9-9676
9674,9,icon,9-1,9-9674
9672,9,icon,9-1,9-9672
9670,9,icon,9-1,9-9670
9664,9,icon,9-1,9-9664
9662,9,icon,9-1,9-9662
9658,9,icon,9-1,9-9658
9656,9,icon,9-1,9-9656
9654,9,icon,9-1,9-9654
9652,9,icon,9-1,9-9652
9650,9,icon,9-1,9-9650
9648,9,icon,9-1,9-9648
9646,9,icon,9-1,9-9646
9644,9,icon,9-1,9-9644
9642,9,icon,9-1,9-9642
9612,9,icon,9-1,9-9612
9610,9,icon,9-1,9-9610
9608,9,icon,9-1,9-9608
9606,9,icon,9-1,9-9606
9604,9,icon,9-1,9-9604
9602,9,icon,9-1,9-9602
9600,9,icon,9-1,9-9600
9596,9,icon,9-1,9-9596
9592,9,icon,9-1,9-9592
9590,9,icon,9-1,9-9590
9588,9,icon,9-1,9-9588
9586,9,icon,9-1,9-9586
9584,9,icon,9-1,9-9584
9582,9,icon,9-1,9-9582
9580,9,icon,9-1,9-9580
9578,9,icon,9-1,9-9578
9576,9,icon,9-1,9-9576
9574,9,icon,9-1,9-9574
9572,9,icon,9-1,9-9572
9570,9,icon,9-1,9-9570
9568,9,icon,9-1,9-9568
9566,9,icon,9-1,9-9566
9562,9,icon,9-1,9-9562
9668,9,icon,9-1,9-9668
9660,9,icon,9-2,9-9660
9594,9,icon,9-2,9-9594
9618,9,icon,9-2,9-9618
9622,9,icon,9-2,9-9622
9624,9,icon,9-2,9-9624
9626,9,icon,9-2,9-9626
9634,9,icon,9-2,9-9634
9638,9,icon,9-2,9-9638
9640,9,icon,9-2,9-9640
9598,9,icon,9-2,9-9598
9614,9,icon,9-2,9-9614
9616,9,icon,9-2,9-9616
9620,9,icon,9-2,9-9620
9628,9,icon,9-2,9-9628
9630,9,icon,9-2,9-9630
9632,9,icon,9-2,9-9632
9636,9,icon,9-2,9-9636
9321,9,icon,9-2,9-9321
9323,9,icon,9-2,9-9323
9325,9,icon,9-2,9-9325
9327,9,icon,9-2,9-9327
9329,9,icon,9-2,9-9329
9331,9,icon,9-2,9-9331
9333,9,icon,9-2,9-9333
9339,9,icon,9-2,9-9339
9341,9,icon,9-2,9-9341
9343,9,icon,9-2,9-9343
9345,9,icon,9-2,9-9345
9347,9,icon,9-2,9-9347
9721,9,icon,9-2,9-9721
9723,9,icon,9-2,9-9723
9725,9,icon,9-2,9-9725
9727,9,icon,9-2,9-9727
9729,9,icon,9-2,9-9729
9731,9,icon,9-2,9-9731
9733,9,icon,9-2,9-9733
9739,9,icon,9-2,9-9739
9741,9,icon,9-2,9-9741
9743,9,icon,9-2,9-9743
9745,9,icon,9-2,9-9745
9747,9,icon,9-2,9-9747
9121,9,icon,9-2,9-9121
9123,9,icon,9-2,9-9123
9129,9,icon,9-2,9-9129
9131,9,icon,9-2,9-9131
9133,9,icon,9-2,9-9133
9135,9,icon,9-2,9-9135
9137,9,icon,9-2,9-9137
9139,9,icon,9-2,9-9139
9141,9,icon,9-2,9-9141
9143,9,icon,9-2,9-9143
9145,9,icon,9-2,9-9145
9147,9,icon,9-2,9-9147
9149,9,icon,9-2,9-9149
9151,9,icon,9-2,9-9151
9153,9,icon,9-2,9-9153
9521,9,icon,9-2,9-9521
9523,9,icon,9-2,9-9523
9529,9,icon,9-2,9-9529
9531,9,icon,9-2,9-9531
9533,9,icon,9-2,9-9533
9535,9,icon,9-2,9-9535
9537,9,icon,9-2,9-9537
9539,9,icon,9-2,9-9539
9541,9,icon,9-2,9-9541
9543,9,icon,9-2,9-9543
9545,9,icon,9-2,9-9545
9547,9,icon,9-2,9-9547
9549,9,icon,9-2,9-9549
9551,9,icon,9-2,9-9551
9403,9,icon,9-2,9-9403
9449,9,icon,9-2,9-9449
9447,9,icon,9-2,9-9447
9441,9,icon,9-2,9-9441
9443,9,icon,9-2,9-9443
9445,9,icon,9-2,9-9445
9437,9,icon,9-2,9-9437
9439,9,icon,9-2,9-9439
9451,9,icon,9-2,9-9451
9453,9,icon,9-2,9-9453
9407,9,icon,9-2,9-9407
9409,9,icon,9-2,9-9409
9411,9,icon,9-2,9-9411
9415,9,icon,9-2,9-9415
9417,9,icon,9-2,9-9417
9421,9,icon,9-2,9-9421
9423,9,icon,9-2,9-9423
9425,9,icon,9-2,9-9425
9427,9,icon,9-2,9-9427
9429,9,icon,9-2,9-9429
9432,9,icon,9-2,9-9432
9434,9,icon,9-2,9-9434
9436,9,icon,9-2,9-9436
9440,9,icon,9-2,9-9440
9442,9,icon,9-2,9-9442
9444,9,icon,9-2,9-9444
9446,9,icon,9-2,9-9446
9448,9,icon,9-2,9-9448
9450,9,icon,9-2,9-9450
9400,9,icon,9-2,9-9400
9402,9,icon,9-2,9-9402
9404,9,icon,9-2,9-9404
9410,9,icon,9-2,9-9410
9412,9,icon,9-2,9-9412
9414,9,icon,9-2,9-9414
9416,9,icon,9-2,9-9416
9418,9,icon,9-2,9-9418
9420,9,icon,9-2,9-9420
9435,9,icon,9-2,9-9435
9438,9,icon,9-2,9-9438
9406,9,icon,9-2,9-9406
9125,9,icon,9-2,9-9125
9433,9,icon,9-2,9-9433
9525,9,icon,9-2,9-9525
9419,9,icon,9-2,9-9419
9401,9,icon,9-2,9-9401
9289,9,icon,9-2,9-9289
9689,9,icon,9-2,9-9689
9553,9,icon,9-2,9-9553
9408,9,icon,9-2,9-9408
9181,9,icon,9-2,9-9181
9183,9,icon,9-2,9-9183
9185,9,icon,9-2,9-9185
9187,9,icon,9-2,9-9187
9189,9,icon,9-2,9-9189
9191,9,icon,9-2,9-9191
9193,9,icon,9-2,9-9193
9195,9,icon,9-2,9-9195
9197,9,icon,9-2,9-9197
9199,9,icon,9-2,9-9199
9201,9,icon,9-2,9-9201
9179,9,icon,9-2,9-9179
9110,9,icon,9-2,9-9110
9108,9,icon,9-2,9-9108
9106,9,icon,9-2,9-9106
9104,9,icon,9-2,9-9104
9102,9,icon,9-2,9-9102
9100,9,icon,9-2,9-9100
9500,9,icon,9-2,9-9500
9502,9,icon,9-2,9-9502
9504,9,icon,9-2,9-9504
9506,9,icon,9-2,9-9506
9508,9,icon,9-2,9-9508
9510,9,icon,9-2,9-9510
9512,9,icon,9-2,9-9512
9241,9,icon,9-2,9-9241
9243,9,icon,9-2,9-9243
9245,9,icon,9-2,9-9245
9247,9,icon,9-2,9-9247
9249,9,icon,9-2,9-9249
9251,9,icon,9-2,9-9251
9253,9,icon,9-2,9-9253
9255,9,icon,9-2,9-9255
9257,9,icon,9-2,9-9257
9259,9,icon,9-2,9-9259
9587,9,icon,9-2,9-9587
9589,9,icon,9-2,9-9589
9591,9,icon,9-2,9-9591
9593,9,icon,9-2,9-9593
9595,9,icon,9-2,9-9595
9597,9,icon,9-2,9-9597
9599,9,icon,9-2,9-9599
9623,9,icon,9-2,9-9623
9625,9,icon,9-2,9-9625
9627,9,icon,9-2,9-9627
9629,9,icon,9-2,9-9629
9631,9,icon,9-2,9-9631
9633,9,icon,9-2,9-9633
9635,9,icon,9-2,9-9635
9637,9,icon,9-2,9-9637
9639,9,icon,9-2,9-9639
9641,9,icon,9-2,9-9641
9643,9,icon,9-2,9-9643
9645,9,icon,9-2,9-9645
9647,9,icon,9-2,9-9647
9649,9,icon,9-2,9-9649
9651,9,icon,9-2,9-9651
9653,9,icon,9-2,9-9653
9655,9,icon,9-2,9-9655
9657,9,icon,9-2,9-9657
9352,9,icon,9-2,9-9352
9354,9,icon,9-2,9-9354
9431,9,icon,9-2,9-9431
9317,9,icon,9-2,9-9317
9315,9,icon,9-2,9-9315
9309,9,icon,9-2,9-9309
9305,9,icon,9-2,9-9305
9301,9,icon,9-2,9-9301
9297,9,icon,9-2,9-9297
9293,9,icon,9-2,9-9293
9717,9,icon,9-2,9-9717
9715,9,icon,9-2,9-9715
9709,9,icon,9-2,9-9709
9705,9,icon,9-2,9-9705
9701,9,icon,9-2,9-9701
9697,9,icon,9-2,9-9697
9693,9,icon,9-2,9-9693
10748,10,icon,10-1,10-10748
10746,10,icon,10-1,10-10746
10744,10,icon,10-1,10-10744
10742,10,icon,10-1,10-10742
10740,10,icon,10-1,10-10740
10738,10,icon,10-1,10-10738
10736,10,icon,10-1,10-10736
10734,10,icon,10-1,10-10734
10732,10,icon,10-1,10-10732
10730,10,icon,10-1,10-10730
10728,10,icon,10-1,10-10728
10726,10,icon,10-1,10-10726
10724,10,icon,10-1,10-10724
10722,10,icon,10-1,10-10722
10720,10,icon,10-1,10-10720
10718,10,icon,10-1,10-10718
10716,10,icon,10-1,10-10716
10714,10,icon,10-1,10-10714
10712,10,icon,10-1,10-10712
10710,10,icon,10-1,10-10710
10708,10,icon,10-1,10-10708
10706,10,icon,10-1,10-10706
10704,10,icon,10-1,10-10704
10702,10,icon,10-1,10-10702
10700,10,icon,10-1,10-10700
10698,10,icon,10-1,10-10698
10696,10,icon,10-1,10-10696
10694,10,icon,10-1,10-10694
10692,10,icon,10-1,10-10692
10690,10,icon,10-1,10-10690
10688,10,icon,10-1,10-10688
10686,10,icon,10-1,10-10686
10684,10,icon,10-1,10-10684
10682,10,icon,10-1,10-10682
10680,10,icon,10-1,10-10680
10678,10,icon,10-1,10-10678
10676,10,icon,10-1,10-10676
10674,10,icon,10-1,10-10674
10672,10,icon,10-1,10-10672
10670,10,icon,10-1,10-10670
10668,10,icon,10-1,10-10668
10662,10,icon,10-1,10-10662
10660,10,icon,10-1,10-10660
10658,10,icon,10-1,10-10658
10654,10,icon,10-1,10-10654
10652,10,icon,10-1,10-10652
10650,10,icon,10-1,10-10650
10648,10,icon,10-1,10-10648
10646,10,icon,10-1,10-10646
10644,10,icon,10-1,10-10644
10642,10,icon,10-1,10-10642
10640,10,icon,10-1,10-10640
10638,10,icon,10-1,10-10638
10636,10,icon,10-1,10-10636
10634,10,icon,10-1,10-10634
10632,10,icon,10-1,10-10632
10630,10,icon,10-1,10-10630
10628,10,icon,10-1,10-10628
10626,10,icon,10-1,10-10626
10624,10,icon,10-1,10-10624
10622,10,icon,10-1,10-10622
10620,10,icon,10-1,10-10620
10618,10,icon,10-1,10-10618
10616,10,icon,10-1,10-10616
10614,10,icon,10-1,10-10614
10612,10,icon,10-1,10-10612
10610,10,icon,10-1,10-10610
10608,10,icon,10-1,10-10608
10606,10,icon,10-1,10-10606
10604,10,icon,10-1,10-10604
10602,10,icon,10-1,10-10602
10600,10,icon,10-1,10-10600
10598,10,icon,10-1,10-10598
10596,10,icon,10-1,10-10596
10594,10,icon,10-1,10-10594
10592,10,icon,10-1,10-10592
10590,10,icon,10-1,10-10590
10588,10,icon,10-1,10-10588
10586,10,icon,10-1,10-10586
10584,10,icon,10-1,10-10584
10582,10,icon,10-1,10-10582
10580,10,icon,10-1,10-10580
10578,10,icon,10-1,10-10578
10576,10,icon,10-1,10-10576
10574,10,icon,10-1,10-10574
10572,10,icon,10-1,10-10572
10570,10,icon,10-1,10-10570
10568,10,icon,10-1,10-10568
10566,10,icon,10-1,10-10566
10562,10,icon,10-1,10-10562
10560,10,icon,10-1,10-10560
10556,10,icon,10-1,10-10556
10554,10,icon,10-1,10-10554
10550,10,icon,10-1,10-10550
10548,10,icon,10-1,10-10548
10544,10,icon,10-1,10-10544
10542,10,icon,10-1,10-10542
10538,10,icon,10-1,10-10538
10536,10,icon,10-1,10-10536
10532,10,icon,10-1,10-10532
10530,10,icon,10-1,10-10530
10528,10,icon,10-1,10-10528
10526,10,icon,10-1,10-10526
10524,10,icon,10-1,10-10524
10522,10,icon,10-1,10-10522
10520,10,icon,10-1,10-10520
10518,10,icon,10-1,10-10518
10350,10,icon,10-1,10-10350
10348,10,icon,10-1,10-10348
10346,10,icon,10-1,10-10346
10344,10,icon,10-1,10-10344
10342,10,icon,10-1,10-10342
10340,10,icon,10-1,10-10340
10338,10,icon,10-1,10-10338
10336,10,icon,10-1,10-10336
10334,10,icon,10-1,10-10334
10332,10,icon,10-1,10-10332
10330,10,icon,10-1,10-10330
10328,10,icon,10-1,10-10328
10326,10,icon,10-1,10-10326
10324,10,icon,10-1,10-10324
10322,10,icon,10-1,10-10322
10320,10,icon,10-1,10-10320
10318,10,icon,10-1,10-10318
10316,10,icon,10-1,10-10316
10314,10,icon,10-1,10-10314
10312,10,icon,10-1,10-10312
10310,10,icon,10-1,10-10310
10308,10,icon,10-1,10-10308
10306,10,icon,10-1,10-10306
10304,10,icon,10-1,10-10304
10302,10,icon,10-1,10-10302
10300,10,icon,10-1,10-10300
10298,10,icon,10-1,10-10298
10296,10,icon,10-1,10-10296
10294,10,icon,10-1,10-10294
10292,10,icon,10-1,10-10292
10288,10,icon,10-1,10-10288
10286,10,icon,10-1,10-10286
10284,10,icon,10-1,10-10284
10282,10,icon,10-1,10-10282
10280,10,icon,10-1,10-10280
10278,10,icon,10-1,10-10278
10276,10,icon,10-1,10-10276
10274,10,icon,10-1,10-10274
10272,10,icon,10-1,10-10272
10270,10,icon,10-1,10-10270
10264,10,icon,10-1,10-10264
10262,10,icon,10-1,10-10262
10258,10,icon,10-1,10-10258
10256,10,icon,10-1,10-10256
10254,10,icon,10-1,10-10254
10252,10,icon,10-1,10-10252
10250,10,icon,10-1,10-10250
10248,10,icon,10-1,10-10248
10246,10,icon,10-1,10-10246
10244,10,icon,10-1,10-10244
10242,10,icon,10-1,10-10242
10214,10,icon,10-1,10-10214
10212,10,icon,10-1,10-10212
10210,10,icon,10-1,10-10210
10208,10,icon,10-1,10-10208
10206,10,icon,10-1,10-10206
10204,10,icon,10-1,10-10204
10202,10,icon,10-1,10-10202
10200,10,icon,10-1,10-10200
10198,10,icon,10-1,10-10198
10196,10,icon,10-1,10-10196
10194,10,icon,10-1,10-10194
10192,10,icon,10-1,10-10192
10190,10,icon,10-1,10-10190
10188,10,icon,10-1,10-10188
10186,10,icon,10-1,10-10186
10184,10,icon,10-1,10-10184
10182,10,icon,10-1,10-10182
10180,10,icon,10-1,10-10180
10178,10,icon,10-1,10-10178
10176,10,icon,10-1,10-10176
10174,10,icon,10-1,10-10174
10172,10,icon,10-1,10-10172
10170,10,icon,10-1,10-10170
10168,10,icon,10-1,10-10168
10166,10,icon,10-1,10-10166
10162,10,icon,10-1,10-10162
10160,10,icon,10-1,10-10160
10156,10,icon,10-1,10-10156
10154,10,icon,10-1,10-10154
10150,10,icon,10-1,10-10150
10148,10,icon,10-1,10-10148
10144,10,icon,10-1,10-10144
10142,10,icon,10-1,10-10142
10138,10,icon,10-1,10-10138
10136,10,icon,10-1,10-10136
10132,10,icon,10-1,10-10132
10130,10,icon,10-1,10-10130
10128,10,icon,10-1,10-10128
10126,10,icon,10-1,10-10126
10124,10,icon,10-1,10-10124
10122,10,icon,10-1,10-10122
10120,10,icon,10-1,10-10120
10118,10,icon,10-1,10-10118
10664,10,icon,10-1,10-10664
10656,10,icon,10-1,10-10656
10268,10,icon,10-1,10-10268
10260,10,icon,10-1,10-10260
10216,10,icon,10-1,10-10216
10218,10,icon,10-1,10-10218
10220,10,icon,10-1,10-10220
10222,10,icon,10-1,10-10222
10224,10,icon,10-1,10-10224
10226,10,icon,10-2,10-10226
10228,10,icon,10-2,10-10228
10230,10,icon,10-2,10-10230
10232,10,icon,10-2,10-10232
10234,10,icon,10-2,10-10234
10236,10,icon,10-2,10-10236
10238,10,icon,10-2,10-10238
10240,10,icon,10-2,10-10240
10352,10,icon,10-2,10-10352
10354,10,icon,10-2,10-10354
10356,10,icon,10-2,10-10356
10750,10,icon,10-2,10-10750
10756,10,icon,10-2,10-10756
10754,10,icon,10-2,10-10754
10752,10,icon,10-2,10-10752
10121,10,icon,10-2,10-10121
10123,10,icon,10-2,10-10123
10129,10,icon,10-2,10-10129
10131,10,icon,10-2,10-10131
10133,10,icon,10-2,10-10133
10135,10,icon,10-2,10-10135
10137,10,icon,10-2,10-10137
10139,10,icon,10-2,10-10139
10141,10,icon,10-2,10-10141
10143,10,icon,10-2,10-10143
10145,10,icon,10-2,10-10145
10147,10,icon,10-2,10-10147
10149,10,icon,10-2,10-10149
10151,10,icon,10-2,10-10151
10153,10,icon,10-2,10-10153
10521,10,icon,10-2,10-10521
10525,10,icon,10-2,10-10525
10529,10,icon,10-2,10-10529
10531,10,icon,10-2,10-10531
10533,10,icon,10-2,10-10533
10535,10,icon,10-2,10-10535
10537,10,icon,10-2,10-10537
10539,10,icon,10-2,10-10539
10541,10,icon,10-2,10-10541
10543,10,icon,10-2,10-10543
10545,10,icon,10-2,10-10545
10547,10,icon,10-2,10-10547
10549,10,icon,10-2,10-10549
10551,10,icon,10-2,10-10551
10553,10,icon,10-2,10-10553
10181,10,icon,10-2,10-10181
10183,10,icon,10-2,10-10183
10185,10,icon,10-2,10-10185
10187,10,icon,10-2,10-10187
10189,10,icon,10-2,10-10189
10191,10,icon,10-2,10-10191
10193,10,icon,10-2,10-10193
10195,10,icon,10-2,10-10195
10197,10,icon,10-2,10-10197
10199,10,icon,10-2,10-10199
10201,10,icon,10-2,10-10201
10583,10,icon,10-2,10-10583
10585,10,icon,10-2,10-10585
10587,10,icon,10-2,10-10587
10589,10,icon,10-2,10-10589
10591,10,icon,10-2,10-10591
10593,10,icon,10-2,10-10593
10595,10,icon,10-2,10-10595
10597,10,icon,10-2,10-10597
10599,10,icon,10-2,10-10599
10219,10,icon,10-2,10-10219
10221,10,icon,10-2,10-10221
10223,10,icon,10-2,10-10223
10225,10,icon,10-2,10-10225
10227,10,icon,10-2,10-10227
10229,10,icon,10-2,10-10229
10231,10,icon,10-2,10-10231
10233,10,icon,10-2,10-10233
10235,10,icon,10-2,10-10235
10237,10,icon,10-2,10-10237
10239,10,icon,10-2,10-10239
10241,10,icon,10-2,10-10241
10243,10,icon,10-2,10-10243
10245,10,icon,10-2,10-10245
10247,10,icon,10-2,10-10247
10249,10,icon,10-2,10-10249
10251,10,icon,10-2,10-10251
10253,10,icon,10-2,10-10253
10255,10,icon,10-2,10-10255
10257,10,icon,10-2,10-10257
10611,10,icon,10-2,10-10611
10615,10,icon,10-2,10-10615
10617,10,icon,10-2,10-10617
10619,10,icon,10-2,10-10619
10621,10,icon,10-2,10-10621
10623,10,icon,10-2,10-10623
10625,10,icon,10-2,10-10625
10627,10,icon,10-2,10-10627
10629,10,icon,10-2,10-10629
10631,10,icon,10-2,10-10631
10633,10,icon,10-2,10-10633
10635,10,icon,10-2,10-10635
10637,10,icon,10-2,10-10637
10639,10,icon,10-2,10-10639
10641,10,icon,10-2,10-10641
10643,10,icon,10-2,10-10643
10645,10,icon,10-2,10-10645
10647,10,icon,10-2,10-10647
10649,10,icon,10-2,10-10649
10651,10,icon,10-2,10-10651
10653,10,icon,10-2,10-10653
10655,10,icon,10-2,10-10655
10657,10,icon,10-2,10-10657
10108,10,icon,10-2,10-10108
10106,10,icon,10-2,10-10106
10104,10,icon,10-2,10-10104
10102,10,icon,10-2,10-10102
10100,10,icon,10-2,10-10100
10500,10,icon,10-2,10-10500
10502,10,icon,10-2,10-10502
10504,10,icon,10-2,10-10504
10506,10,icon,10-2,10-10506
10508,10,icon,10-2,10-10508
10510,10,icon,10-2,10-10510
10103,10,icon,10-2,10-10103
10505,10,icon,10-2,10-10505
10101,10,icon,10-2,10-10101
10501,10,icon,10-2,10-10501
10503,10,icon,10-2,10-10503
10433,10,icon,10-2,10-10433
10435,10,icon,10-2,10-10435
10437,10,icon,10-2,10-10437
10439,10,icon,10-2,10-10439
10441,10,icon,10-2,10-10441
10443,10,icon,10-2,10-10443
10445,10,icon,10-2,10-10445
10447,10,icon,10-2,10-10447
10449,10,icon,10-2,10-10449
10451,10,icon,10-2,10-10451
10453,10,icon,10-2,10-10453
10405,10,icon,10-2,10-10405
10407,10,icon,10-2,10-10407
10409,10,icon,10-2,10-10409
10411,10,icon,10-2,10-10411
10415,10,icon,10-2,10-10415
10417,10,icon,10-2,10-10417
10419,10,icon,10-2,10-10419
10421,10,icon,10-2,10-10421
10423,10,icon,10-2,10-10423
10425,10,icon,10-2,10-10425
10427,10,icon,10-2,10-10427
10454,10,icon,10-2,10-10454
10428,10,icon,10-2,10-10428
10430,10,icon,10-2,10-10430
10432,10,icon,10-2,10-10432
10434,10,icon,10-2,10-10434
10436,10,icon,10-2,10-10436
10438,10,icon,10-2,10-10438
10440,10,icon,10-2,10-10440
10442,10,icon,10-2,10-10442
10444,10,icon,10-2,10-10444
10446,10,icon,10-2,10-10446
10448,10,icon,10-2,10-10448
10450,10,icon,10-2,10-10450
10402,10,icon,10-2,10-10402
10404,10,icon,10-2,10-10404
10406,10,icon,10-2,10-10406
10408,10,icon,10-2,10-10408
10410,10,icon,10-2,10-10410
10414,10,icon,10-2,10-10414
10416,10,icon,10-2,10-10416
10418,10,icon,10-2,10-10418
10420,10,icon,10-2,10-10420
10422,10,icon,10-2,10-10422
10424,10,icon,10-2,10-10424
10429,10,icon,10-2,10-10429
10426,10,icon,10-2,10-10426
10321,10,icon,10-2,10-10321
10323,10,icon,10-2,10-10323
10325,10,icon,10-2,10-10325
10327,10,icon,10-2,10-10327
10329,10,icon,10-2,10-10329
10331,10,icon,10-2,10-10331
10333,10,icon,10-2,10-10333
10339,10,icon,10-2,10-10339
10341,10,icon,10-2,10-10341
10343,10,icon,10-2,10-10343
10345,10,icon,10-2,10-10345
10347,10,icon,10-2,10-10347
10721,10,icon,10-2,10-10721
10723,10,icon,10-2,10-10723
10725,10,icon,10-2,10-10725
10727,10,icon,10-2,10-10727
10729,10,icon,10-2,10-10729
10731,10,icon,10-2,10-10731
10733,10,icon,10-2,10-10733
10739,10,icon,10-2,10-10739
10741,10,icon,10-2,10-10741
10743,10,icon,10-2,10-10743
10745,10,icon,10-2,10-10745
10747,10,icon,10-2,10-10747
10289,10,icon,10-2,10-10289
10689,10,icon,10-2,10-10689
10315,10,icon,10-2,10-10315
10311,10,icon,10-2,10-10311
10309,10,icon,10-2,10-10309
10305,10,icon,10-2,10-10305
10301,10,icon,10-2,10-10301
10297,10,icon,10-2,10-10297
10293,10,icon,10-2,10-10293
10715,10,icon,10-2,10-10715
10711,10,icon,10-2,10-10711
10709,10,icon,10-2,10-10709
10705,10,icon,10-2,10-10705
10701,10,icon,10-2,10-10701
10697,10,icon,10-2,10-10697
10693,10,icon,10-2,10-10693
11350,11,icon,11-1,11-11350
11348,11,icon,11-1,11-11348
11346,11,icon,11-1,11-11346
11344,11,icon,11-1,11-11344
11342,11,icon,11-1,11-11342
11340,11,icon,11-1,11-11340
11338,11,icon,11-1,11-11338
11336,11,icon,11-1,11-11336
11334,11,icon,11-1,11-11334
11332,11,icon,11-1,11-11332
11330,11,icon,11-1,11-11330
11328,11,icon,11-1,11-11328
11326,11,icon,11-1,11-11326
11324,11,icon,11-1,11-11324
11322,11,icon,11-1,11-11322
11320,11,icon,11-1,11-11320
11318,11,icon,11-1,11-11318
11316,11,icon,11-1,11-11316
11314,11,icon,11-1,11-11314
11312,11,icon,11-1,11-11312
11310,11,icon,11-1,11-11310
11308,11,icon,11-1,11-11308
11306,11,icon,11-1,11-11306
11304,11,icon,11-1,11-11304
11302,11,icon,11-1,11-11302
11300,11,icon,11-1,11-11300
11298,11,icon,11-1,11-11298
11296,11,icon,11-1,11-11296
11294,11,icon,11-1,11-11294
11292,11,icon,11-1,11-11292
11290,11,icon,11-1,11-11290
11288,11,icon,11-1,11-11288
11286,11,icon,11-1,11-11286
11284,11,icon,11-1,11-11284
11282,11,icon,11-1,11-11282
11280,11,icon,11-1,11-11280
11278,11,icon,11-1,11-11278
11276,11,icon,11-1,11-11276
11274,11,icon,11-1,11-11274
11272,11,icon,11-1,11-11272
11268,11,icon,11-1,11-11268
11264,11,icon,11-1,11-11264
11260,11,icon,11-1,11-11260
11258,11,icon,11-1,11-11258
11256,11,icon,11-1,11-11256
11254,11,icon,11-1,11-11254
11252,11,icon,11-1,11-11252
11250,11,icon,11-1,11-11250
11248,11,icon,11-1,11-11248
11246,11,icon,11-1,11-11246
11244,11,icon,11-1,11-11244
11216,11,icon,11-1,11-11216
11214,11,icon,11-1,11-11214
11212,11,icon,11-1,11-11212
11210,11,icon,11-1,11-11210
11208,11,icon,11-1,11-11208
11206,11,icon,11-1,11-11206
11204,11,icon,11-1,11-11204
11202,11,icon,11-1,11-11202
11200,11,icon,11-1,11-11200
11198,11,icon,11-1,11-11198
11196,11,icon,11-1,11-11196
11194,11,icon,11-1,11-11194
11192,11,icon,11-1,11-11192
11190,11,icon,11-1,11-11190
11188,11,icon,11-1,11-11188
11186,11,icon,11-1,11-11186
11184,11,icon,11-1,11-11184
11182,11,icon,11-1,11-11182
11180,11,icon,11-1,11-11180
11178,11,icon,11-1,11-11178
11176,11,icon,11-1,11-11176
11174,11,icon,11-1,11-11174
11172,11,icon,11-1,11-11172
11170,11,icon,11-1,11-11170
11168,11,icon,11-1,11-11168
11166,11,icon,11-1,11-11166
11162,11,icon,11-1,11-11162
11160,11,icon,11-1,11-11160
11156,11,icon,11-1,11-11156
11154,11,icon,11-1,11-11154
11150,11,icon,11-1,11-11150
11148,11,icon,11-1,11-11148
11144,11,icon,11-1,11-11144
11142,11,icon,11-1,11-11142
11138,11,icon,11-1,11-11138
11136,11,icon,11-1,11-11136
11132,11,icon,11-1,11-11132
11130,11,icon,11-1,11-11130
11128,11,icon,11-1,11-11128
11126,11,icon,11-1,11-11126
11124,11,icon,11-1,11-11124
11122,11,icon,11-1,11-11122
11270,11,icon,11-1,11-11270
11262,11,icon,11-1,11-11262
11218,11,icon,11-1,11-11218
11220,11,icon,11-1,11-11220
11222,11,icon,11-1,11-11222
11224,11,icon,11-1,11-11224
11226,11,icon,11-1,11-11226
11228,11,icon,11-1,11-11228
11230,11,icon,11-1,11-11230
11232,11,icon,11-1,11-11232
11234,11,icon,11-1,11-11234
11236,11,icon,11-1,11-11236
11238,11,icon,11-1,11-11238
11240,11,icon,11-1,11-11240
11242,11,icon,11-1,11-11242
11352,11,icon,11-1,11-11352
11354,11,icon,11-1,11-11354
11356,11,icon,11-1,11-11356
11321,11,icon,11-1,11-11321
11323,11,icon,11-1,11-11323
11325,11,icon,11-1,11-11325
11327,11,icon,11-1,11-11327
11329,11,icon,11-1,11-11329
11331,11,icon,11-1,11-11331
11333,11,icon,11-1,11-11333
11343,11,icon,11-1,11-11343
11345,11,icon,11-1,11-11345
11347,11,icon,11-1,11-11347
11179,11,icon,11-1,11-11179
11183,11,icon,11-1,11-11183
11185,11,icon,11-1,11-11185
11187,11,icon,11-1,11-11187
11189,11,icon,11-1,11-11189
11191,11,icon,11-1,11-11191
11193,11,icon,11-1,11-11193
11195,11,icon,11-1,11-11195
11197,11,icon,11-1,11-11197
11199,11,icon,11-1,11-11199
11201,11,icon,11-1,11-11201
11219,11,icon,11-1,11-11219
11221,11,icon,11-1,11-11221
11223,11,icon,11-1,11-11223
11225,11,icon,11-1,11-11225
11227,11,icon,11-1,11-11227
11229,11,icon,11-1,11-11229
11231,11,icon,11-1,11-11231
11233,11,icon,11-1,11-11233
11235,11,icon,11-1,11-11235
11237,11,icon,11-1,11-11237
11239,11,icon,11-1,11-11239
11241,11,icon,11-1,11-11241
11243,11,icon,11-1,11-11243
11245,11,icon,11-1,11-11245
11247,11,icon,11-1,11-11247
11249,11,icon,11-1,11-11249
11251,11,icon,11-1,11-11251
11253,11,icon,11-1,11-11253
11255,11,icon,11-1,11-11255
11257,11,icon,11-1,11-11257
11215,11,icon,11-1,11-11215
11217,11,icon,11-1,11-11217
11211,11,icon,11-1,11-11211
11721,11,icon,11-1,11-11721
11723,11,icon,11-1,11-11723
11725,11,icon,11-1,11-11725
11727,11,icon,11-1,11-11727
11729,11,icon,11-1,11-11729
11731,11,icon,11-1,11-11731
11733,11,icon,11-1,11-11733
11739,11,icon,11-1,11-11739
11741,11,icon,11-1,11-11741
11743,11,icon,11-1,11-11743
11745,11,icon,11-1,11-11745
11747,11,icon,11-1,11-11747
11579,11,icon,11-1,11-11579
11583,11,icon,11-1,11-11583
11585,11,icon,11-1,11-11585
11587,11,icon,11-1,11-11587
11589,11,icon,11-1,11-11589
11591,11,icon,11-1,11-11591
11593,11,icon,11-1,11-11593
11595,11,icon,11-1,11-11595
11597,11,icon,11-1,11-11597
11599,11,icon,11-1,11-11599
11619,11,icon,11-1,11-11619
11621,11,icon,11-1,11-11621
11623,11,icon,11-1,11-11623
11625,11,icon,11-1,11-11625
11627,11,icon,11-1,11-11627
11629,11,icon,11-1,11-11629
11631,11,icon,11-1,11-11631
11633,11,icon,11-1,11-11633
11635,11,icon,11-1,11-11635
11637,11,icon,11-1,11-11637
11639,11,icon,11-1,11-11639
11641,11,icon,11-1,11-11641
11643,11,icon,11-1,11-11643
11645,11,icon,11-1,11-11645
11647,11,icon,11-1,11-11647
11649,11,icon,11-1,11-11649
11651,11,icon,11-1,11-11651
11653,11,icon,11-1,11-11653
11655,11,icon,11-1,11-11655
11657,11,icon,11-1,11-11657
11615,11,icon,11-1,11-11615
11617,11,icon,11-1,11-11617
11611,11,icon,11-1,11-11611
11750,11,icon,11-1,11-11750
11748,11,icon,11-2,11-11748
11746,11,icon,11-2,11-11746
11744,11,icon,11-2,11-11744
11742,11,icon,11-2,11-11742
11740,11,icon,11-2,11-11740
11738,11,icon,11-2,11-11738
11736,11,icon,11-2,11-11736
11734,11,icon,11-2,11-11734
11732,11,icon,11-2,11-11732
11730,11,icon,11-2,11-11730
11728,11,icon,11-2,11-11728
11726,11,icon,11-2,11-11726
11724,11,icon,11-2,11-11724
11722,11,icon,11-2,11-11722
11720,11,icon,11-2,11-11720
11718,11,icon,11-2,11-11718
11716,11,icon,11-2,11-11716
11714,11,icon,11-2,11-11714
11712,11,icon,11-2,11-11712
11710,11,icon,11-2,11-11710
11708,11,icon,11-2,11-11708
11706,11,icon,11-2,11-11706
11704,11,icon,11-2,11-11704
11702,11,icon,11-2,11-11702
11700,11,icon,11-2,11-11700
11698,11,icon,11-2,11-11698
11696,11,icon,11-2,11-11696
11694,11,icon,11-2,11-11694
11692,11,icon,11-2,11-11692
11690,11,icon,11-2,11-11690
11688,11,icon,11-2,11-11688
11686,11,icon,11-2,11-11686
11684,11,icon,11-2,11-11684
11682,11,icon,11-2,11-11682
11680,11,icon,11-2,11-11680
11678,11,icon,11-2,11-11678
11676,11,icon,11-2,11-11676
11674,11,icon,11-2,11-11674
11672,11,icon,11-2,11-11672
11668,11,icon,11-2,11-11668
11664,11,icon,11-2,11-11664
11660,11,icon,11-2,11-11660
11658,11,icon,11-2,11-11658
11656,11,icon,11-2,11-11656
11654,11,icon,11-2,11-11654
11652,11,icon,11-2,11-11652
11650,11,icon,11-2,11-11650
11648,11,icon,11-2,11-11648
11646,11,icon,11-2,11-11646
11644,11,icon,11-2,11-11644
11616,11,icon,11-2,11-11616
11614,11,icon,11-2,11-11614
11612,11,icon,11-2,11-11612
11610,11,icon,11-2,11-11610
11608,11,icon,11-2,11-11608
11606,11,icon,11-2,11-11606
11604,11,icon,11-2,11-11604
11602,11,icon,11-2,11-11602
11600,11,icon,11-2,11-11600
11598,11,icon,11-2,11-11598
11596,11,icon,11-2,11-11596
11594,11,icon,11-2,11-11594
11592,11,icon,11-2,11-11592
11590,11,icon,11-2,11-11590
11588,11,icon,11-2,11-11588
11586,11,icon,11-2,11-11586
11584,11,icon,11-2,11-11584
11582,11,icon,11-2,11-11582
11580,11,icon,11-2,11-11580
11578,11,icon,11-2,11-11578
11576,11,icon,11-2,11-11576
11574,11,icon,11-2,11-11574
11572,11,icon,11-2,11-11572
11570,11,icon,11-2,11-11570
11568,11,icon,11-2,11-11568
11566,11,icon,11-2,11-11566
11562,11,icon,11-2,11-11562
11560,11,icon,11-2,11-11560
11556,11,icon,11-2,11-11556
11554,11,icon,11-2,11-11554
11550,11,icon,11-2,11-11550
11548,11,icon,11-2,11-11548
11544,11,icon,11-2,11-11544
11542,11,icon,11-2,11-11542
11538,11,icon,11-2,11-11538
11536,11,icon,11-2,11-11536
11532,11,icon,11-2,11-11532
11530,11,icon,11-2,11-11530
11528,11,icon,11-2,11-11528
11526,11,icon,11-2,11-11526
11524,11,icon,11-2,11-11524
11522,11,icon,11-2,11-11522
11670,11,icon,11-2,11-11670
11662,11,icon,11-2,11-11662
11618,11,icon,11-2,11-11618
11620,11,icon,11-2,11-11620
11622,11,icon,11-2,11-11622
11624,11,icon,11-2,11-11624
11626,11,icon,11-2,11-11626
11628,11,icon,11-2,11-11628
11630,11,icon,11-2,11-11630
11632,11,icon,11-2,11-11632
11634,11,icon,11-2,11-11634
11636,11,icon,11-2,11-11636
11638,11,icon,11-2,11-11638
11640,11,icon,11-2,11-11640
11642,11,icon,11-2,11-11642
11756,11,icon,11-2,11-11756
11754,11,icon,11-2,11-11754
11752,11,icon,11-2,11-11752
11687,11,icon,11-2,11-11687
11289,11,icon,11-2,11-11289
11406,11,icon,11-2,11-11406
11408,11,icon,11-2,11-11408
11410,11,icon,11-2,11-11410
11400,11,icon,11-2,11-11400
11402,11,icon,11-2,11-11402
11404,11,icon,11-2,11-11404
11430,11,icon,11-2,11-11430
11432,11,icon,11-2,11-11432
11434,11,icon,11-2,11-11434
11414,11,icon,11-2,11-11414
11416,11,icon,11-2,11-11416
11418,11,icon,11-2,11-11418
11411,11,icon,11-2,11-11411
11415,11,icon,11-2,11-11415
11417,11,icon,11-2,11-11417
11419,11,icon,11-2,11-11419
11421,11,icon,11-2,11-11421
11423,11,icon,11-2,11-11423
11427,11,icon,11-2,11-11427
11429,11,icon,11-2,11-11429
11431,11,icon,11-2,11-11431
11433,11,icon,11-2,11-11433
11435,11,icon,11-2,11-11435
11437,11,icon,11-2,11-11437
11121,11,icon,11-2,11-11121
11123,11,icon,11-2,11-11123
11521,11,icon,11-2,11-11521
11523,11,icon,11-2,11-11523
11436,11,icon,11-2,11-11436
11422,11,icon,11-2,11-11422
11438,11,icon,11-2,11-11438
11426,11,icon,11-2,11-11426
11428,11,icon,11-2,11-11428
11420,11,icon,11-2,11-11420
11409,11,icon,11-2,11-11409
11403,11,icon,11-2,11-11403
11129,11,icon,11-2,11-11129
11131,11,icon,11-2,11-11131
11133,11,icon,11-2,11-11133
11135,11,icon,11-2,11-11135
11137,11,icon,11-2,11-11137
11139,11,icon,11-2,11-11139
11141,11,icon,11-2,11-11141
11143,11,icon,11-2,11-11143
11145,11,icon,11-2,11-11145
11147,11,icon,11-2,11-11147
11149,11,icon,11-2,11-11149
11151,11,icon,11-2,11-11151
11153,11,icon,11-2,11-11153
11529,11,icon,11-2,11-11529
11531,11,icon,11-2,11-11531
11533,11,icon,11-2,11-11533
11535,11,icon,11-2,11-11535
11537,11,icon,11-2,11-11537
11539,11,icon,11-2,11-11539
11541,11,icon,11-2,11-11541
11543,11,icon,11-2,11-11543
11545,11,icon,11-2,11-11545
11547,11,icon,11-2,11-11547
11549,11,icon,11-2,11-11549
11551,11,icon,11-2,11-11551
11553,11,icon,11-2,11-11553
11108,11,icon,11-2,11-11108
11510,11,icon,11-2,11-11510
11106,11,icon,11-2,11-11106
11104,11,icon,11-2,11-11104
11102,11,icon,11-2,11-11102
11100,11,icon,11-2,11-11100
11500,11,icon,11-2,11-11500
11502,11,icon,11-2,11-11502
11504,11,icon,11-2,11-11504
11506,11,icon,11-2,11-11506
11508,11,icon,11-2,11-11508
11103,11,icon,11-2,11-11103
11505,11,icon,11-2,11-11505
11425,11,icon,11-2,11-11425
11317,11,icon,11-2,11-11317
11315,11,icon,11-2,11-11315
11309,11,icon,11-2,11-11309
11305,11,icon,11-2,11-11305
11301,11,icon,11-2,11-11301
11297,11,icon,11-2,11-11297
11293,11,icon,11-2,11-11293
11717,11,icon,11-2,11-11717
11715,11,icon,11-2,11-11715
11709,11,icon,11-2,11-11709
11705,11,icon,11-2,11-11705
11701,11,icon,11-2,11-11701
11697,11,icon,11-2,11-11697
11693,11,icon,11-2,11-11693
12179,12,icon,12-1,12-12179
12183,12,icon,12-1,12-12183
12185,12,icon,12-1,12-12185
12187,12,icon,12-1,12-12187
12189,12,icon,12-1,12-12189
12191,12,icon,12-1,12-12191
12193,12,icon,12-1,12-12193
12195,12,icon,12-1,12-12195
12197,12,icon,12-1,12-12197
12199,12,icon,12-1,12-12199
12201,12,icon,12-1,12-12201
12219,12,icon,12-1,12-12219
12221,12,icon,12-1,12-12221
12223,12,icon,12-1,12-12223
12225,12,icon,12-1,12-12225
12227,12,icon,12-1,12-12227
12229,12,icon,12-1,12-12229
12231,12,icon,12-1,12-12231
12233,12,icon,12-1,12-12233
12235,12,icon,12-1,12-12235
12237,12,icon,12-1,12-12237
12239,12,icon,12-1,12-12239
12241,12,icon,12-1,12-12241
12243,12,icon,12-1,12-12243
12245,12,icon,12-1,12-12245
12247,12,icon,12-1,12-12247
12249,12,icon,12-1,12-12249
12251,12,icon,12-1,12-12251
12253,12,icon,12-1,12-12253
12255,12,icon,12-1,12-12255
12257,12,icon,12-1,12-12257
12215,12,icon,12-1,12-12215
12217,12,icon,12-1,12-12217
12211,12,icon,12-1,12-12211
12181,12,icon,12-1,12-12181
12579,12,icon,12-1,12-12579
12583,12,icon,12-1,12-12583
12585,12,icon,12-1,12-12585
12587,12,icon,12-1,12-12587
12589,12,icon,12-1,12-12589
12591,12,icon,12-1,12-12591
12593,12,icon,12-1,12-12593
12595,12,icon,12-1,12-12595
12597,12,icon,12-1,12-12597
12599,12,icon,12-1,12-12599
12619,12,icon,12-1,12-12619
12621,12,icon,12-1,12-12621
12623,12,icon,12-1,12-12623
12625,12,icon,12-1,12-12625
12627,12,icon,12-1,12-12627
12629,12,icon,12-1,12-12629
12631,12,icon,12-1,12-12631
12633,12,icon,12-1,12-12633
12635,12,icon,12-1,12-12635
12637,12,icon,12-1,12-12637
12639,12,icon,12-1,12-12639
12641,12,icon,12-1,12-12641
12643,12,icon,12-1,12-12643
12645,12,icon,12-1,12-12645
12647,12,icon,12-1,12-12647
12649,12,icon,12-1,12-12649
12651,12,icon,12-1,12-12651
12653,12,icon,12-1,12-12653
12655,12,icon,12-1,12-12655
12657,12,icon,12-1,12-12657
12615,12,icon,12-1,12-12615
12617,12,icon,12-1,12-12617
12581,12,icon,12-1,12-12581
12135,12,icon,12-1,12-12135
12137,12,icon,12-1,12-12137
12139,12,icon,12-1,12-12139
12535,12,icon,12-1,12-12535
12537,12,icon,12-1,12-12537
12539,12,icon,12-1,12-12539
12541,12,icon,12-1,12-12541
12293,12,icon,12-1,12-12293
12295,12,icon,12-1,12-12295
12297,12,icon,12-1,12-12297
12299,12,icon,12-1,12-12299
12301,12,icon,12-1,12-12301
12303,12,icon,12-1,12-12303
12305,12,icon,12-1,12-12305
12307,12,icon,12-1,12-12307
12309,12,icon,12-1,12-12309
12311,12,icon,12-1,12-12311
12315,12,icon,12-1,12-12315
12317,12,icon,12-1,12-12317
12289,12,icon,12-1,12-12289
12291,12,icon,12-1,12-12291
12321,12,icon,12-1,12-12321
12323,12,icon,12-1,12-12323
12325,12,icon,12-1,12-12325
12327,12,icon,12-1,12-12327
12329,12,icon,12-1,12-12329
12331,12,icon,12-1,12-12331
12333,12,icon,12-1,12-12333
12339,12,icon,12-1,12-12339
12341,12,icon,12-1,12-12341
12343,12,icon,12-1,12-12343
12345,12,icon,12-1,12-12345
12347,12,icon,12-1,12-12347
12693,12,icon,12-1,12-12693
12695,12,icon,12-1,12-12695
12697,12,icon,12-1,12-12697
12699,12,icon,12-1,12-12699
12701,12,icon,12-1,12-12701
12703,12,icon,12-1,12-12703
12705,12,icon,12-1,12-12705
12707,12,icon,12-1,12-12707
12709,12,icon,12-1,12-12709
12711,12,icon,12-1,12-12711
12715,12,icon,12-1,12-12715
12717,12,icon,12-1,12-12717
12689,12,icon,12-1,12-12689
12691,12,icon,12-1,12-12691
12721,12,icon,12-1,12-12721
12723,12,icon,12-1,12-12723
12725,12,icon,12-1,12-12725
12727,12,icon,12-1,12-12727
12729,12,icon,12-1,12-12729
12731,12,icon,12-1,12-12731
12733,12,icon,12-1,12-12733
12739,12,icon,12-1,12-12739
12741,12,icon,12-1,12-12741
12743,12,icon,12-1,12-12743
12745,12,icon,12-1,12-12745
12747,12,icon,12-1,12-12747
12162,12,icon,12-1,12-12162
12160,12,icon,12-1,12-12160
12158,12,icon,12-1,12-12158
12156,12,icon,12-1,12-12156
12154,12,icon,12-1,12-12154
12152,12,icon,12-1,12-12152
12150,12,icon,12-1,12-12150
12148,12,icon,12-1,12-12148
12146,12,icon,12-1,12-12146
12144,12,icon,12-1,12-12144
12142,12,icon,12-1,12-12142
12140,12,icon,12-1,12-12140
12138,12,icon,12-1,12-12138
12136,12,icon,12-1,12-12136
12134,12,icon,12-1,12-12134
12164,12,icon,12-1,12-12164
12558,12,icon,12-1,12-12558
12556,12,icon,12-1,12-12556
12554,12,icon,12-1,12-12554
12552,12,icon,12-1,12-12552
12550,12,icon,12-1,12-12550
12548,12,icon,12-1,12-12548
12546,12,icon,12-1,12-12546
12544,12,icon,12-1,12-12544
12542,12,icon,12-1,12-12542
12540,12,icon,12-1,12-12540
12538,12,icon,12-1,12-12538
12536,12,icon,12-1,12-12536
12534,12,icon,12-1,12-12534
12532,12,icon,12-1,12-12532
12530,12,icon,12-1,12-12530
12560,12,icon,12-1,12-12560
12562,12,icon,12-1,12-12562
12564,12,icon,12-1,12-12564
12290,12,icon,12-1,12-12290
12288,12,icon,12-1,12-12288
12286,12,icon,12-1,12-12286
12284,12,icon,12-1,12-12284
12282,12,icon,12-1,12-12282
12280,12,icon,12-1,12-12280
12278,12,icon,12-1,12-12278
12276,12,icon,12-1,12-12276
12274,12,icon,12-1,12-12274
12272,12,icon,12-1,12-12272
12268,12,icon,12-1,12-12268
12264,12,icon,12-1,12-12264
12260,12,icon,12-2,12-12260
12258,12,icon,12-2,12-12258
12254,12,icon,12-2,12-12254
12252,12,icon,12-2,12-12252
12250,12,icon,12-2,12-12250
12248,12,icon,12-2,12-12248
12246,12,icon,12-2,12-12246
12244,12,icon,12-2,12-12244
12216,12,icon,12-2,12-12216
12214,12,icon,12-2,12-12214
12212,12,icon,12-2,12-12212
12210,12,icon,12-2,12-12210
12208,12,icon,12-2,12-12208
12206,12,icon,12-2,12-12206
12204,12,icon,12-2,12-12204
12202,12,icon,12-2,12-12202
12200,12,icon,12-2,12-12200
12198,12,icon,12-2,12-12198
12196,12,icon,12-2,12-12196
12194,12,icon,12-2,12-12194
12192,12,icon,12-2,12-12192
12190,12,icon,12-2,12-12190
12188,12,icon,12-2,12-12188
12186,12,icon,12-2,12-12186
12184,12,icon,12-2,12-12184
12182,12,icon,12-2,12-12182
12180,12,icon,12-2,12-12180
12178,12,icon,12-2,12-12178
12176,12,icon,12-2,12-12176
12174,12,icon,12-2,12-12174
12172,12,icon,12-2,12-12172
12170,12,icon,12-2,12-12170
12168,12,icon,12-2,12-12168
12166,12,icon,12-2,12-12166
12270,12,icon,12-2,12-12270
12218,12,icon,12-2,12-12218
12220,12,icon,12-2,12-12220
12222,12,icon,12-2,12-12222
12224,12,icon,12-2,12-12224
12226,12,icon,12-2,12-12226
12228,12,icon,12-2,12-12228
12230,12,icon,12-2,12-12230
12232,12,icon,12-2,12-12232
12234,12,icon,12-2,12-12234
12236,12,icon,12-2,12-12236
12238,12,icon,12-2,12-12238
12240,12,icon,12-2,12-12240
12242,12,icon,12-2,12-12242
12330,12,icon,12-2,12-12330
12328,12,icon,12-2,12-12328
12326,12,icon,12-2,12-12326
12324,12,icon,12-2,12-12324
12322,12,icon,12-2,12-12322
12320,12,icon,12-2,12-12320
12318,12,icon,12-2,12-12318
12316,12,icon,12-2,12-12316
12314,12,icon,12-2,12-12314
12312,12,icon,12-2,12-12312
12310,12,icon,12-2,12-12310
12308,12,icon,12-2,12-12308
12306,12,icon,12-2,12-12306
12304,12,icon,12-2,12-12304
12302,12,icon,12-2,12-12302
12300,12,icon,12-2,12-12300
12298,12,icon,12-2,12-12298
12296,12,icon,12-2,12-12296
12294,12,icon,12-2,12-12294
12292,12,icon,12-2,12-12292
12350,12,icon,12-2,12-12350
12348,12,icon,12-2,12-12348
12346,12,icon,12-2,12-12346
12344,12,icon,12-2,12-12344
12342,12,icon,12-2,12-12342
12340,12,icon,12-2,12-12340
12338,12,icon,12-2,12-12338
12336,12,icon,12-2,12-12336
12334,12,icon,12-2,12-12334
12332,12,icon,12-2,12-12332
12690,12,icon,12-2,12-12690
12688,12,icon,12-2,12-12688
12686,12,icon,12-2,12-12686
12684,12,icon,12-2,12-12684
12682,12,icon,12-2,12-12682
12680,12,icon,12-2,12-12680
12678,12,icon,12-2,12-12678
12676,12,icon,12-2,12-12676
12674,12,icon,12-2,12-12674
12672,12,icon,12-2,12-12672
12668,12,icon,12-2,12-12668
12664,12,icon,12-2,12-12664
12660,12,icon,12-2,12-12660
12658,12,icon,12-2,12-12658
12654,12,icon,12-2,12-12654
12652,12,icon,12-2,12-12652
12650,12,icon,12-2,12-12650
12648,12,icon,12-2,12-12648
12646,12,icon,12-2,12-12646
12644,12,icon,12-2,12-12644
12616,12,icon,12-2,12-12616
12614,12,icon,12-2,12-12614
12612,12,icon,12-2,12-12612
12610,12,icon,12-2,12-12610
12608,12,icon,12-2,12-12608
12606,12,icon,12-2,12-12606
12604,12,icon,12-2,12-12604
12602,12,icon,12-2,12-12602
12600,12,icon,12-2,12-12600
12598,12,icon,12-2,12-12598
12596,12,icon,12-2,12-12596
12594,12,icon,12-2,12-12594
12592,12,icon,12-2,12-12592
12590,12,icon,12-2,12-12590
12588,12,icon,12-2,12-12588
12586,12,icon,12-2,12-12586
12584,12,icon,12-2,12-12584
12582,12,icon,12-2,12-12582
12580,12,icon,12-2,12-12580
12578,12,icon,12-2,12-12578
12576,12,icon,12-2,12-12576
12574,12,icon,12-2,12-12574
12572,12,icon,12-2,12-12572
12570,12,icon,12-2,12-12570
12568,12,icon,12-2,12-12568
12566,12,icon,12-2,12-12566
12670,12,icon,12-2,12-12670
12618,12,icon,12-2,12-12618
12620,12,icon,12-2,12-12620
12622,12,icon,12-2,12-12622
12624,12,icon,12-2,12-12624
12626,12,icon,12-2,12-12626
12628,12,icon,12-2,12-12628
12630,12,icon,12-2,12-12630
12632,12,icon,12-2,12-12632
12634,12,icon,12-2,12-12634
12636,12,icon,12-2,12-12636
12638,12,icon,12-2,12-12638
12640,12,icon,12-2,12-12640
12642,12,icon,12-2,12-12642
12730,12,icon,12-2,12-12730
12728,12,icon,12-2,12-12728
12726,12,icon,12-2,12-12726
12724,12,icon,12-2,12-12724
12722,12,icon,12-2,12-12722
12720,12,icon,12-2,12-12720
12718,12,icon,12-2,12-12718
12716,12,icon,12-2,12-12716
12714,12,icon,12-2,12-12714
12712,12,icon,12-2,12-12712
12710,12,icon,12-2,12-12710
12708,12,icon,12-2,12-12708
12706,12,icon,12-2,12-12706
12704,12,icon,12-2,12-12704
12702,12,icon,12-2,12-12702
12700,12,icon,12-2,12-12700
12698,12,icon,12-2,12-12698
12696,12,icon,12-2,12-12696
12694,12,icon,12-2,12-12694
12692,12,icon,12-2,12-12692
12750,12,icon,12-2,12-12750
12748,12,icon,12-2,12-12748
12746,12,icon,12-2,12-12746
12744,12,icon,12-2,12-12744
12742,12,icon,12-2,12-12742
12740,12,icon,12-2,12-12740
12738,12,icon,12-2,12-12738
12736,12,icon,12-2,12-12736
12734,12,icon,12-2,12-12734
12732,12,icon,12-2,12-12732
12352,12,icon,12-2,12-12352
12358,12,icon,12-2,12-12358
12758,12,icon,12-2,12-12758
12752,12,icon,12-2,12-12752
12354,12,icon,12-2,12-12354
12356,12,icon,12-2,12-12356
12756,12,icon,12-2,12-12756
12754,12,icon,12-2,12-12754
14162,14,icon,14-1,14-14162
14160,14,icon,14-1,14-14160
14158,14,icon,14-1,14-14158
14156,14,icon,14-1,14-14156
14154,14,icon,14-1,14-14154
14152,14,icon,14-1,14-14152
14150,14,icon,14-1,14-14150
14148,14,icon,14-1,14-14148
14146,14,icon,14-1,14-14146
14144,14,icon,14-1,14-14144
14142,14,icon,14-1,14-14142
14140,14,icon,14-1,14-14140
14138,14,icon,14-1,14-14138
14164,14,icon,14-1,14-14164
14562,14,icon,14-1,14-14562
14560,14,icon,14-1,14-14560
14558,14,icon,14-1,14-14558
14556,14,icon,14-1,14-14556
14554,14,icon,14-1,14-14554
14552,14,icon,14-1,14-14552
14550,14,icon,14-1,14-14550
14548,14,icon,14-1,14-14548
14546,14,icon,14-1,14-14546
14544,14,icon,14-1,14-14544
14542,14,icon,14-1,14-14542
14540,14,icon,14-1,14-14540
14538,14,icon,14-1,14-14538
14564,14,icon,14-1,14-14564
14290,14,icon,14-1,14-14290
14288,14,icon,14-1,14-14288
14286,14,icon,14-1,14-14286
14284,14,icon,14-1,14-14284
14282,14,icon,14-1,14-14282
14280,14,icon,14-1,14-14280
14278,14,icon,14-1,14-14278
14276,14,icon,14-1,14-14276
14272,14,icon,14-1,14-14272
14268,14,icon,14-1,14-14268
14262,14,icon,14-1,14-14262
14260,14,icon,14-1,14-14260
14258,14,icon,14-1,14-14258
14256,14,icon,14-1,14-14256
14254,14,icon,14-1,14-14254
14252,14,icon,14-1,14-14252
14250,14,icon,14-1,14-14250
14248,14,icon,14-1,14-14248
14246,14,icon,14-1,14-14246
14244,14,icon,14-1,14-14244
14216,14,icon,14-1,14-14216
14214,14,icon,14-1,14-14214
14212,14,icon,14-1,14-14212
14210,14,icon,14-1,14-14210
14208,14,icon,14-1,14-14208
14206,14,icon,14-1,14-14206
14204,14,icon,14-1,14-14204
14202,14,icon,14-1,14-14202
14200,14,icon,14-1,14-14200
14198,14,icon,14-1,14-14198
14196,14,icon,14-1,14-14196
14194,14,icon,14-1,14-14194
14192,14,icon,14-1,14-14192
14190,14,icon,14-1,14-14190
14188,14,icon,14-1,14-14188
14186,14,icon,14-1,14-14186
14184,14,icon,14-1,14-14184
14182,14,icon,14-1,14-14182
14180,14,icon,14-1,14-14180
14178,14,icon,14-1,14-14178
14176,14,icon,14-1,14-14176
14174,14,icon,14-1,14-14174
14172,14,icon,14-1,14-14172
14170,14,icon,14-1,14-14170
14168,14,icon,14-1,14-14168
14166,14,icon,14-1,14-14166
14264,14,icon,14-1,14-14264
14218,14,icon,14-1,14-14218
14220,14,icon,14-1,14-14220
14222,14,icon,14-1,14-14222
14224,14,icon,14-1,14-14224
14226,14,icon,14-1,14-14226
14228,14,icon,14-1,14-14228
14230,14,icon,14-1,14-14230
14232,14,icon,14-1,14-14232
14234,14,icon,14-1,14-14234
14236,14,icon,14-1,14-14236
14238,14,icon,14-1,14-14238
14240,14,icon,14-1,14-14240
14242,14,icon,14-1,14-14242
14330,14,icon,14-1,14-14330
14328,14,icon,14-1,14-14328
14326,14,icon,14-1,14-14326
14324,14,icon,14-1,14-14324
14322,14,icon,14-1,14-14322
14320,14,icon,14-1,14-14320
14318,14,icon,14-1,14-14318
14316,14,icon,14-1,14-14316
14314,14,icon,14-1,14-14314
14312,14,icon,14-1,14-14312
14310,14,icon,14-1,14-14310
14308,14,icon,14-1,14-14308
14306,14,icon,14-1,14-14306
14304,14,icon,14-1,14-14304
14302,14,icon,14-1,14-14302
14300,14,icon,14-1,14-14300
14298,14,icon,14-1,14-14298
14296,14,icon,14-1,14-14296
14294,14,icon,14-1,14-14294
14292,14,icon,14-1,14-14292
14350,14,icon,14-1,14-14350
14348,14,icon,14-1,14-14348
14346,14,icon,14-1,14-14346
14344,14,icon,14-1,14-14344
14342,14,icon,14-1,14-14342
14340,14,icon,14-1,14-14340
14338,14,icon,14-1,14-14338
14336,14,icon,14-1,14-14336
14334,14,icon,14-1,14-14334
14332,14,icon,14-1,14-14332
14270,14,icon,14-1,14-14270
14274,14,icon,14-1,14-14274
14652,14,icon,14-1,14-14652
14650,14,icon,14-1,14-14650
14648,14,icon,14-1,14-14648
14646,14,icon,14-1,14-14646
14644,14,icon,14-1,14-14644
14616,14,icon,14-1,14-14616
14614,14,icon,14-1,14-14614
14612,14,icon,14-1,14-14612
14610,14,icon,14-1,14-14610
14608,14,icon,14-1,14-14608
14606,14,icon,14-1,14-14606
14604,14,icon,14-1,14-14604
14602,14,icon,14-1,14-14602
14600,14,icon,14-1,14-14600
14598,14,icon,14-1,14-14598
14596,14,icon,14-1,14-14596
14594,14,icon,14-1,14-14594
14592,14,icon,14-1,14-14592
14590,14,icon,14-1,14-14590
14588,14,icon,14-1,14-14588
14586,14,icon,14-1,14-14586
14584,14,icon,14-1,14-14584
14582,14,icon,14-1,14-14582
14580,14,icon,14-1,14-14580
14578,14,icon,14-1,14-14578
14576,14,icon,14-1,14-14576
14574,14,icon,14-1,14-14574
14572,14,icon,14-1,14-14572
14570,14,icon,14-1,14-14570
14568,14,icon,14-1,14-14568
14566,14,icon,14-1,14-14566
14618,14,icon,14-1,14-14618
14620,14,icon,14-1,14-14620
14622,14,icon,14-1,14-14622
14624,14,icon,14-2,14-14624
14626,14,icon,14-2,14-14626
14628,14,icon,14-2,14-14628
14630,14,icon,14-2,14-14630
14632,14,icon,14-2,14-14632
14634,14,icon,14-2,14-14634
14636,14,icon,14-2,14-14636
14638,14,icon,14-2,14-14638
14640,14,icon,14-2,14-14640
14642,14,icon,14-2,14-14642
14690,14,icon,14-2,14-14690
14688,14,icon,14-2,14-14688
14686,14,icon,14-2,14-14686
14684,14,icon,14-2,14-14684
14682,14,icon,14-2,14-14682
14680,14,icon,14-2,14-14680
14678,14,icon,14-2,14-14678
14676,14,icon,14-2,14-14676
14674,14,icon,14-2,14-14674
14672,14,icon,14-2,14-14672
14668,14,icon,14-2,14-14668
14664,14,icon,14-2,14-14664
14660,14,icon,14-2,14-14660
14658,14,icon,14-2,14-14658
14654,14,icon,14-2,14-14654
14670,14,icon,14-2,14-14670
14730,14,icon,14-2,14-14730
14728,14,icon,14-2,14-14728
14726,14,icon,14-2,14-14726
14724,14,icon,14-2,14-14724
14722,14,icon,14-2,14-14722
14720,14,icon,14-2,14-14720
14718,14,icon,14-2,14-14718
14716,14,icon,14-2,14-14716
14714,14,icon,14-2,14-14714
14712,14,icon,14-2,14-14712
14710,14,icon,14-2,14-14710
14708,14,icon,14-2,14-14708
14706,14,icon,14-2,14-14706
14704,14,icon,14-2,14-14704
14702,14,icon,14-2,14-14702
14700,14,icon,14-2,14-14700
14698,14,icon,14-2,14-14698
14696,14,icon,14-2,14-14696
14694,14,icon,14-2,14-14694
14692,14,icon,14-2,14-14692
14750,14,icon,14-2,14-14750
14748,14,icon,14-2,14-14748
14746,14,icon,14-2,14-14746
14744,14,icon,14-2,14-14744
14742,14,icon,14-2,14-14742
14740,14,icon,14-2,14-14740
14738,14,icon,14-2,14-14738
14736,14,icon,14-2,14-14736
14734,14,icon,14-2,14-14734
14732,14,icon,14-2,14-14732
14185,14,icon,14-2,14-14185
14187,14,icon,14-2,14-14187
14189,14,icon,14-2,14-14189
14191,14,icon,14-2,14-14191
14193,14,icon,14-2,14-14193
14195,14,icon,14-2,14-14195
14197,14,icon,14-2,14-14197
14199,14,icon,14-2,14-14199
14201,14,icon,14-2,14-14201
14183,14,icon,14-2,14-14183
14215,14,icon,14-2,14-14215
14217,14,icon,14-2,14-14217
14219,14,icon,14-2,14-14219
14221,14,icon,14-2,14-14221
14223,14,icon,14-2,14-14223
14225,14,icon,14-2,14-14225
14227,14,icon,14-2,14-14227
14211,14,icon,14-2,14-14211
14241,14,icon,14-2,14-14241
14243,14,icon,14-2,14-14243
14245,14,icon,14-2,14-14245
14247,14,icon,14-2,14-14247
14249,14,icon,14-2,14-14249
14251,14,icon,14-2,14-14251
14253,14,icon,14-2,14-14253
14239,14,icon,14-2,14-14239
14255,14,icon,14-2,14-14255
14257,14,icon,14-2,14-14257
14293,14,icon,14-2,14-14293
14295,14,icon,14-2,14-14295
14297,14,icon,14-2,14-14297
14299,14,icon,14-2,14-14299
14301,14,icon,14-2,14-14301
14303,14,icon,14-2,14-14303
14305,14,icon,14-2,14-14305
14307,14,icon,14-2,14-14307
14309,14,icon,14-2,14-14309
14291,14,icon,14-2,14-14291
14315,14,icon,14-2,14-14315
14317,14,icon,14-2,14-14317
14319,14,icon,14-2,14-14319
14321,14,icon,14-2,14-14321
14323,14,icon,14-2,14-14323
14325,14,icon,14-2,14-14325
14327,14,icon,14-2,14-14327
14329,14,icon,14-2,14-14329
14331,14,icon,14-2,14-14331
14311,14,icon,14-2,14-14311
14333,14,icon,14-2,14-14333
14289,14,icon,14-2,14-14289
14587,14,icon,14-2,14-14587
14589,14,icon,14-2,14-14589
14591,14,icon,14-2,14-14591
14593,14,icon,14-2,14-14593
14595,14,icon,14-2,14-14595
14597,14,icon,14-2,14-14597
14599,14,icon,14-2,14-14599
14585,14,icon,14-2,14-14585
14617,14,icon,14-2,14-14617
14619,14,icon,14-2,14-14619
14621,14,icon,14-2,14-14621
14623,14,icon,14-2,14-14623
14625,14,icon,14-2,14-14625
14627,14,icon,14-2,14-14627
14615,14,icon,14-2,14-14615
14649,14,icon,14-2,14-14649
14651,14,icon,14-2,14-14651
14693,14,icon,14-2,14-14693
14695,14,icon,14-2,14-14695
14697,14,icon,14-2,14-14697
14699,14,icon,14-2,14-14699
14701,14,icon,14-2,14-14701
14703,14,icon,14-2,14-14703
14705,14,icon,14-2,14-14705
14707,14,icon,14-2,14-14707
14709,14,icon,14-2,14-14709
14691,14,icon,14-2,14-14691
14715,14,icon,14-2,14-14715
14717,14,icon,14-2,14-14717
14719,14,icon,14-2,14-14719
14721,14,icon,14-2,14-14721
14723,14,icon,14-2,14-14723
14725,14,icon,14-2,14-14725
14727,14,icon,14-2,14-14727
14729,14,icon,14-2,14-14729
14731,14,icon,14-2,14-14731
14711,14,icon,14-2,14-14711
14733,14,icon,14-2,14-14733
14689,14,icon,14-2,14-14689
14360,14,icon,14-2,14-14360
14362,14,icon,14-2,14-14362
14356,14,icon,14-2,14-14356
14358,14,icon,14-2,14-14358
14352,14,icon,14-2,14-14352
14354,14,icon,14-2,14-14354
14754,14,icon,14-2,14-14754
14752,14,icon,14-2,14-14752
14758,14,icon,14-2,14-14758
14756,14,icon,14-2,14-14756
14762,14,icon,14-2,14-14762
16002,16,icon,16-1,16-16002
16004,16,icon,16-1,16-16004
16006,16,icon,16-1,16-16006
16008,16,icon,16-1,16-16008
16010,16,icon,16-1,16-16010
16012,16,icon,16-1,16-16012
16014,16,icon,16-1,16-16014
16016,16,icon,16-1,16-16016
16018,16,icon,16-1,16-16018
16020,16,icon,16-1,16-16020
16022,16,icon,16-2,16-16022
16024,16,icon,16-2,16-16024
16026,16,icon,16-2,16-16026
16028,16,icon,16-2,16-16028
16030,16,icon,16-2,16-16030
16032,16,icon,16-2,16-16032
16034,16,icon,16-2,16-16034
16036,16,icon,16-2,16-16036
16038,16,icon,16-2,16-16038
16040,16,icon,16-2,16-16040
16042,16,icon,16-2,16-16042
16044,16,icon,16-2,16-16044
17002,17,icon,17-1,17-17002
17004,17,icon,17-1,17-17004
17006,17,icon,17-1,17-17006
17008,17,icon,17-1,17-17008
17010,17,icon,17-1,17-17010
17012,17,icon,17-1,17-17012
17014,17,icon,17-1,17-17014
17016,17,icon,17-1,17-17016
17018,17,icon,17-1,17-17018
17020,17,icon,17-1,17-17020
17022,17,icon,17-2,17-17022
17024,17,icon,17-2,17-17024
17026,17,icon,17-2,17-17026
17028,17,icon,17-2,17-17028
17030,17,icon,17-2,17-17030
17032,17,icon,17-2,17-17032
17034,17,icon,17-2,17-17034
17036,17,icon,17-2,17-17036
17038,17,icon,17-2,17-17038
17040,17,icon,17-2,17-17040
17042,17,icon,17-2,17-17042
17044,17,icon,17-2,17-17044
